3,7,10,5,1,6,1,1,1,3,4,44,3
3,6,11,1,2,12,1,4,1,6,2,40,1
1,7,4,3,0,12,4,0,0,4,0,37,3
3,7,9,5,0,13,1,0,0,0,0,44,3
2,7,5,1,0,12,0,2,0,0,3,42,1
4,7,9,5,1,7,1,1,0,3,0,39,6
2,7,10,7,0,11,1,0,1,2,0,44,5
3,7,4,7,2,13,3,1,1,0,0,41,3
5,0,11,3,0,5,2,0,1,0,2,40,9
1,7,7,4,1,8,3,0,1,4,5,45,6
3,0,10,3,0,13,0,1,0,0,3,42,0
2,7,11,4,2,5,2,1,0,3,0,41,4
3,1,13,4,0,10,1,2,1,0,0,40,0
2,7,6,4,0,10,3,3,1,4,2,39,1
5,5,9,2,2,11,5,1,1,4,0,39,7
3,2,5,5,1,9,3,0,1,4,0,39,7
5,4,9,2,1,3,2,1,1,4,0,40,1
4,7,13,3,2,6,3,0,1,6,4,42,2
3,6,7,3,2,13,1,0,1,5,0,41,4
3,7,12,4,0,13,3,0,1,5,0,42,0
1,7,10,3,1,13,2,1,1,6,1,38,0
1,7,11,2,0,5,1,0,1,2,0,40,3
2,0,5,0,0,9,1,0,0,5,0,41,3
4,7,7,1,1,13,0,1,0,5,2,35,10
3,4,7,5,0,6,1,0,1,4,3,41,0
2,6,3,3,2,12,2,1,0,4,1,40,8
4,7,6,4,1,6,1,1,1,4,0,42,15
5,7,9,6,1,1,1,2,1,3,2,41,1
2,7,8,3,1,1,1,0,0,2,3,41,16
4,1,6,2,1,10,1,0,0,4,0,43,8
5,3,15,1,0,13,2,1,1,4,2,43,0
2,5,9,5,2,13,2,1,1,3,2,47,2
4,6,6,3,0,9,0,0,0,4,0,38,1
4,3,6,7,2,4,3,0,1,0,3,39,5
3,1,12,6,0,7,1,3,1,0,0,33,2
4,7,12,3,0,13,3,0,1,3,5,44,4
6,4,10,8,1,13,0,0,0,3,0,38,9
1,7,10,5,3,13,2,0,1,5,4,43,8
3,6,7,1,1,13,4,0,1,4,0,41,4
3,5,13,4,0,1,3,0,1,2,3,39,5
4,7,12,4,0,3,1,1,0,0,0,44,0
4,5,7,2,0,9,3,0,1,0,0,43,0
5,7,4,6,0,7,3,0,0,0,2,40,2
3,7,9,6,1,12,3,1,1,6,3,37,2
4,5,9,1,1,13,3,0,1,4,1,38,0
3,3,5,4,0,11,3,1,1,0,0,45,0
4,7,13,8,1,13,4,1,1,0,5,35,4
1,6,13,3,0,8,0,1,1,6,2,39,0
4,7,8,2,1,7,2,2,1,4,1,46,4
3,2,10,0,1,4,2,0,0,5,1,40,0
4,6,6,1,2,1,4,0,0,3,2,40,3
4,7,5,7,0,13,1,1,0,0,0,40,4
5,7,7,4,0,0,3,0,0,2,5,42,7
2,7,16,4,0,12,2,1,0,1,2,46,5
3,1,12,7,2,13,2,3,1,4,2,38,9
4,7,6,3,0,11,1,0,1,0,0,43,0
3,7,7,5,0,13,3,0,1,4,0,43,5
3,6,9,3,1,13,2,1,1,6,0,44,0
3,7,8,5,0,4,3,1,0,3,5,45,4
4,4,12,5,1,13,1,1,1,0,0,44,8
6,7,11,3,5,13,2,1,1,1,2,40,12
3,7,6,6,2,8,3,1,0,3,0,40,8
3,7,9,7,1,13,0,3,0,4,0,41,3
3,6,9,6,2,13,2,3,0,4,0,45,3
2,4,7,4,2,0,3,1,1,2,2,40,4
1,4,9,2,0,12,2,0,0,0,0,37,5
4,7,7,3,2,0,1,0,1,4,0,43,4
5,7,6,2,1,4,3,0,1,4,1,50,11
6,5,12,3,1,13,1,1,1,0,4,42,12
3,5,9,4,1,13,4,1,0,0,3,45,4
4,5,13,4,1,13,4,0,0,4,0,41,5
1,7,6,4,1,13,3,0,1,6,0,46,5
4,2,6,4,0,12,1,1,0,2,0,34,0
3,7,13,6,0,8,1,1,0,4,0,36,2
3,5,6,2,2,3,1,2,1,2,2,35,3
3,7,6,5,0,6,1,1,0,0,0,43,9
3,7,11,2,1,13,4,0,1,6,0,41,3
4,1,8,5,0,13,2,2,1,2,4,39,0
3,7,9,2,2,1,3,0,0,3,2,45,4
3,4,7,2,0,11,3,0,1,0,2,39,0
4,1,11,5,0,13,2,3,0,1,0,41,2
3,7,7,4,0,13,2,0,1,0,2,40,0
5,7,9,4,0,9,2,0,1,0,0,38,7
5,6,5,1,0,7,3,0,1,2,2,38,3
3,7,9,5,2,13,1,0,1,3,1,38,11
3,4,7,6,0,6,3,0,0,2,1,44,3
4,7,10,4,3,9,2,0,1,4,0,47,7
4,6,9,3,1,12,3,1,1,4,3,45,3
3,6,11,4,0,13,3,0,0,0,0,46,4
4,7,9,5,1,5,3,0,1,3,1,34,11
4,5,7,3,1,3,1,0,0,0,0,40,4
4,7,5,2,0,7,2,2,0,0,0,41,7
3,7,12,7,0,3,2,0,0,0,0,41,0
4,7,8,5,0,10,3,1,0,0,4,38,8
3,7,7,4,0,7,2,0,0,0,0,44,7
1,6,5,0,0,2,4,0,0,0,3,42,10
2,5,13,4,2,6,3,1,0,5,0,44,8
2,7,7,4,1,13,1,0,0,4,0,39,6
3,7,12,1,1,13,2,0,1,6,3,44,7
2,6,12,3,0,5,2,3,1,2,1,38,3
5,7,9,3,0,12,1,0,1,3,2,38,11
5,7,12,6,1,7,1,2,1,3,2,40,8
3,2,11,5,0,0,0,1,1,5,1,45,2
5,1,12,0,0,13,2,3,0,0,2,40,0
1,7,10,4,1,7,3,3,0,4,3,40,8
4,7,11,4,1,9,4,2,1,4,3,35,6
5,7,5,3,0,9,2,1,1,4,4,41,12
4,4,10,3,0,8,4,1,0,4,4,46,0
3,7,9,1,0,11,2,1,1,3,0,37,0
3,1,7,4,0,13,1,2,1,2,2,46,5
3,4,8,5,0,13,1,1,1,0,0,39,8
3,4,10,5,1,4,2,0,1,3,0,44,3
2,7,6,4,0,4,0,1,0,3,0,36,6
2,7,10,3,0,6,0,0,0,0,0,39,5
3,5,8,3,1,3,2,0,0,5,0,37,0
3,2,8,3,1,1,2,1,0,2,1,41,7
4,3,4,5,2,12,2,0,1,3,0,45,8
2,2,7,3,0,7,3,0,1,4,4,39,1
4,4,10,3,0,13,2,1,1,0,0,48,0
3,7,13,2,2,4,3,0,1,5,3,46,5
3,3,13,5,4,13,3,0,1,5,2,42,6
4,0,9,4,0,7,1,3,0,1,2,37,12
4,7,8,1,1,4,2,1,1,5,0,40,1
5,7,10,6,1,8,3,0,1,3,0,37,13
4,4,4,6,0,6,2,1,1,0,0,39,4
2,7,8,1,2,13,3,0,1,5,0,38,9
3,7,7,6,0,12,3,0,0,3,0,39,5
4,4,10,7,0,11,2,0,0,0,1,40,7
5,7,9,6,0,13,3,1,1,0,2,39,2
3,7,12,7,1,8,2,0,0,6,2,34,3
3,3,11,1,0,5,3,0,1,0,2,41,8
3,7,10,4,2,0,2,0,0,2,1,41,3
1,7,10,5,0,7,4,1,0,3,0,39,1
4,7,9,7,0,4,2,0,0,0,2,40,7
3,7,12,4,0,9,1,0,1,2,0,42,0
4,7,8,5,1,12,2,0,0,4,0,45,5
3,4,7,5,1,5,3,0,1,0,2,46,4
2,7,10,1,0,3,3,2,1,0,0,49,7
2,7,6,5,0,0,2,0,1,3,0,33,7
3,6,8,5,0,10,2,1,0,0,3,42,3
4,7,9,2,0,11,4,2,1,3,0,47,1
3,4,7,3,0,13,3,0,1,3,1,40,4
2,5,9,3,0,9,2,0,0,3,2,46,0
3,7,14,5,2,0,2,1,1,2,0,39,8
4,7,8,3,2,3,2,0,0,5,0,42,9
4,6,14,5,1,11,1,0,1,0,4,45,9
5,5,11,0,1,11,2,0,1,3,0,42,1
5,7,10,3,1,9,3,0,0,5,1,37,7
3,2,10,2,2,6,4,2,1,3,1,33,3
4,3,10,2,0,5,2,0,1,0,4,38,0
2,7,10,3,0,7,2,0,0,0,2,44,1
4,3,4,1,0,13,2,2,0,4,2,43,4
5,7,6,2,0,7,2,0,0,3,4,39,0
4,6,9,3,3,8,3,1,0,5,0,36,4
2,1,10,2,0,13,4,0,0,2,1,31,0
6,1,6,3,0,8,2,0,1,5,0,32,7
4,7,9,7,0,8,3,0,1,0,4,36,8
5,7,5,2,0,13,3,1,0,4,5,38,0
3,7,5,2,1,7,1,1,1,4,7,38,1
4,3,6,0,1,3,2,0,1,5,2,39,1
2,6,8,4,1,13,3,0,1,4,2,37,6
4,4,7,3,2,2,2,1,1,0,0,40,5
2,7,8,6,0,13,2,0,0,0,3,39,8
3,7,8,4,0,12,0,0,1,0,0,43,7
5,7,13,4,2,4,3,1,0,3,2,43,6
3,6,7,5,0,13,2,0,0,0,1,38,8
4,2,10,3,0,12,1,2,1,3,1,42,0
2,7,7,7,0,13,1,0,1,0,4,39,6
3,5,7,5,0,10,3,0,1,4,2,48,4
2,6,8,3,0,10,5,0,0,4,1,40,8
3,7,7,3,0,9,3,2,1,4,0,41,0
4,5,5,5,2,13,2,3,1,4,3,42,5
4,7,9,5,1,0,2,0,0,0,1,43,3
4,0,9,7,1,13,1,1,1,6,1,41,2
2,7,6,5,1,13,1,2,1,5,0,40,2
2,1,4,5,1,13,3,2,0,4,1,40,2
4,4,8,3,2,13,1,0,0,5,0,38,6
3,6,7,5,1,11,5,0,0,0,4,45,3
5,7,10,4,0,0,3,0,1,4,2,41,0
2,6,11,2,0,13,2,1,0,0,1,36,0
4,6,11,3,0,4,2,1,0,3,1,36,0
5,0,9,1,2,11,5,2,0,1,1,43,7
1,7,8,5,2,9,3,1,1,5,3,44,3
1,7,7,1,0,10,1,0,0,4,2,40,5
4,7,10,3,0,0,3,0,1,0,2,42,3
3,2,9,4,0,1,2,0,1,2,2,39,3
4,7,13,9,0,7,3,0,0,0,2,43,8
4,4,8,2,0,13,4,1,1,3,0,40,10
3,7,9,1,1,3,2,0,1,1,1,36,0
3,0,9,4,0,3,0,0,0,0,0,42,3
5,3,9,2,1,3,2,2,1,3,1,42,4
4,7,9,6,0,12,3,1,1,2,3,46,3
3,6,13,4,0,7,2,3,1,4,1,41,0
4,5,7,4,0,11,2,0,0,0,0,38,0
3,1,6,3,0,12,3,0,1,3,0,42,0
3,7,9,1,4,12,2,1,1,5,3,38,3
5,7,9,5,0,13,3,1,0,0,0,39,7
3,7,8,5,1,0,4,2,1,2,0,41,1
4,2,7,3,1,13,4,1,0,2,2,47,7
5,1,9,4,1,13,4,2,0,0,3,44,5
3,7,11,6,0,8,3,0,1,3,3,38,5
3,7,9,0,1,0,3,1,1,0,4,43,0
1,3,8,3,1,13,0,0,1,0,2,39,0
3,7,11,3,3,11,2,0,1,4,0,35,9
5,4,9,4,2,2,4,0,1,4,0,40,0
3,7,7,1,0,9,2,3,1,4,1,40,0
5,7,12,1,0,12,2,2,0,1,0,42,0
4,7,7,4,0,9,1,0,1,4,3,46,0
2,3,9,2,0,9,3,1,1,0,2,40,4
3,7,13,3,0,12,0,1,0,3,0,43,1
3,6,11,2,0,2,2,1,0,3,0,42,0
3,2,9,1,1,0,2,2,0,4,4,41,10
4,0,11,0,3,5,5,0,1,6,5,42,8
3,0,7,4,3,6,5,0,1,7,1,42,0
4,7,9,1,1,3,0,0,1,3,0,41,4
2,7,13,2,0,9,2,1,1,0,4,47,4
3,5,11,3,0,10,2,1,1,0,0,44,1
3,7,8,5,0,8,1,1,0,3,2,42,9
6,6,8,1,0,4,0,2,1,0,3,40,1
1,5,13,2,0,10,3,1,1,3,0,44,2
3,7,7,3,3,6,2,2,0,6,2,42,0
3,0,7,3,0,2,1,3,1,0,0,41,3
4,5,7,3,2,7,2,0,1,4,0,45,6
3,7,6,4,3,13,2,1,1,4,0,35,8
2,7,13,4,0,6,2,1,1,3,0,46,4
2,0,11,0,1,4,2,0,1,4,4,41,3
5,7,6,1,1,3,0,2,1,2,3,41,3
5,5,7,6,0,3,4,0,1,0,2,48,0
3,5,6,4,1,5,2,2,1,3,0,33,4
3,7,6,5,1,7,3,2,1,5,3,44,2
3,4,8,5,0,11,3,1,1,0,3,43,2
3,5,9,1,0,5,1,1,1,0,0,38,1
5,3,9,2,0,9,3,0,1,3,1,36,1
4,4,15,6,3,6,2,0,1,0,4,38,7
5,7,10,5,0,9,1,2,1,0,3,39,13
2,4,8,5,1,13,1,0,1,4,0,42,10
5,6,7,4,0,5,2,3,1,3,2,36,2
3,7,11,3,0,4,1,0,0,3,0,35,2
2,7,11,3,1,13,4,2,1,6,1,41,0
1,1,11,4,1,10,3,2,1,4,4,41,6
5,7,8,5,0,10,2,0,1,1,4,39,3
4,7,10,1,0,6,3,1,1,1,0,39,0
2,1,11,3,0,9,2,1,1,4,1,37,0
3,7,10,5,0,9,3,1,1,4,1,37,1
4,7,6,2,2,13,2,1,1,6,0,38,7
2,1,7,1,1,3,4,2,1,4,0,34,2
3,7,7,7,0,9,3,1,0,4,0,42,5
3,6,8,6,1,12,3,1,1,4,0,36,3
5,2,11,1,0,8,3,3,0,0,3,43,0
3,7,9,3,0,9,3,1,0,0,1,42,1
2,7,9,2,0,11,1,0,1,4,1,39,0
3,3,14,3,1,8,2,1,1,3,2,37,3
4,7,4,4,0,12,4,1,1,0,0,42,2
4,0,10,3,0,5,2,2,0,0,0,39,2
3,7,4,2,0,3,1,0,1,3,1,38,0
5,7,5,4,0,9,2,0,0,2,2,39,6
3,7,9,2,2,7,4,0,0,5,3,46,4
4,4,7,3,0,13,3,0,1,0,2,41,2
5,6,12,0,0,13,3,1,1,0,0,47,7
3,5,7,2,0,8,4,1,1,3,0,38,1
5,5,10,2,1,11,4,2,0,4,4,39,3
4,7,13,5,1,2,2,1,1,0,4,40,0
3,5,11,1,2,13,2,2,1,4,2,35,4
3,2,10,1,1,7,3,0,1,0,1,40,0
5,7,6,8,1,3,2,1,1,0,0,39,5
4,7,9,1,0,9,2,0,0,0,2,43,7
3,7,8,5,0,12,0,0,0,0,3,33,5
6,7,10,4,0,6,1,0,0,2,1,38,3
2,6,9,1,1,9,1,0,0,4,1,35,5
2,7,12,3,0,13,3,1,0,3,0,43,5
4,7,9,6,1,11,3,1,1,3,2,37,3
4,2,7,6,1,5,1,0,1,0,3,52,2
2,3,6,5,1,5,2,1,0,2,0,38,2
5,4,11,5,1,4,1,1,1,3,2,41,1
7,6,6,2,1,7,2,0,0,4,0,36,2
3,7,9,5,0,1,3,0,1,1,3,39,10
5,3,5,3,0,6,2,1,1,0,0,43,4
2,7,10,3,0,9,3,0,0,4,0,44,0
4,4,7,5,0,4,1,0,1,1,0,41,5
3,5,12,4,0,5,2,0,1,2,0,49,0
2,7,9,2,1,4,2,1,0,4,2,41,5
3,6,9,5,0,8,1,2,0,1,0,44,3
2,5,5,5,0,7,2,0,0,0,3,41,1
4,7,8,1,0,5,3,0,0,3,0,42,5
3,7,16,3,2,6,2,1,0,4,1,39,4
4,1,12,6,2,5,2,1,0,5,2,43,1
3,7,7,6,0,10,1,1,1,0,2,43,1
3,7,10,3,0,10,4,1,1,5,1,37,1
2,0,5,2,0,0,1,0,0,3,4,41,7
4,7,8,5,0,13,3,1,0,0,2,39,14
4,3,9,2,2,12,1,0,1,6,0,41,4
3,7,7,2,0,13,3,1,0,3,0,44,0
4,7,11,4,1,5,3,0,0,3,0,38,6
6,6,11,5,3,9,2,1,0,4,0,40,4
3,7,8,2,0,11,2,0,1,4,1,41,0
2,7,11,1,0,2,2,0,1,3,3,45,0
4,2,13,5,0,7,2,1,0,0,0,38,4
5,6,12,2,0,3,2,0,0,1,0,43,4
2,7,8,1,1,2,1,0,1,0,0,40,4
3,1,12,0,1,0,1,2,0,0,2,43,7
4,4,9,1,2,6,4,0,1,3,1,38,5
3,5,12,1,0,0,2,0,1,0,1,43,0
4,7,8,5,1,10,2,0,1,4,2,39,7
3,3,10,6,1,7,2,0,1,0,3,34,1
6,7,7,3,0,6,1,1,1,0,1,39,6
6,7,12,4,0,13,2,0,1,3,0,44,2
4,7,14,1,1,8,3,0,1,3,0,43,8
5,5,11,3,2,12,2,0,1,0,2,43,0
2,0,8,4,2,9,2,0,0,4,0,43,9
4,0,10,5,0,8,2,0,1,3,1,41,0
3,2,6,3,0,11,2,1,0,0,0,44,0
3,0,12,5,2,13,2,0,0,0,1,35,12
2,7,8,5,2,9,2,0,0,3,2,43,12
5,7,8,5,0,11,3,0,0,0,0,47,7
4,7,9,4,0,13,2,1,0,0,3,47,4
3,7,9,2,1,13,2,1,1,4,0,36,4
4,7,8,3,1,10,3,1,1,5,2,39,3
3,6,10,3,2,4,2,1,0,3,2,37,7
3,2,8,1,0,5,1,0,1,2,2,44,1
4,3,9,6,0,10,2,1,1,0,4,40,7
3,7,7,0,1,5,3,1,0,5,2,41,0
1,7,5,5,2,1,3,0,1,2,1,47,4
3,4,14,7,3,8,3,1,1,0,1,41,0
5,7,11,6,0,10,1,0,1,0,0,42,4
4,7,8,3,0,9,1,1,0,0,0,37,4
3,7,11,4,2,2,2,0,1,1,0,36,7
3,5,9,2,0,13,3,1,0,0,3,45,2
4,7,9,3,1,2,2,0,1,2,2,44,0
5,7,8,5,0,10,2,1,0,1,0,46,5
5,7,11,4,0,2,3,0,1,3,2,38,3
4,0,7,3,2,9,4,3,1,5,0,39,3
2,7,10,5,1,8,2,0,0,3,0,36,4
6,7,12,3,1,11,2,1,1,4,0,42,0
3,4,10,2,0,13,1,0,1,0,0,36,0
3,6,9,3,1,3,3,0,1,0,0,43,3
4,7,10,3,0,6,2,0,1,0,3,44,0
3,4,8,0,1,11,2,2,0,5,0,44,11
4,3,9,2,0,13,3,1,1,0,1,46,0
4,7,9,4,0,6,2,2,1,2,2,36,3
2,7,5,2,1,1,3,2,1,0,1,41,3
3,7,4,9,2,4,2,0,1,4,2,43,6
5,7,12,2,2,0,1,0,1,4,1,38,4
4,2,10,2,1,8,4,1,1,6,0,36,4
3,5,8,6,1,0,3,1,0,2,1,36,4
2,4,12,4,0,11,2,1,1,4,2,42,8
4,7,8,6,2,9,2,0,1,3,1,40,5
5,7,11,5,0,4,4,1,1,1,3,41,8
4,3,9,3,1,0,2,0,0,2,1,42,8
3,7,11,4,1,4,3,0,0,3,1,42,1
6,6,12,7,0,6,3,3,0,0,3,36,5
3,7,10,5,0,13,2,1,0,1,3,47,7
2,7,6,3,1,4,3,3,1,5,0,43,9
3,3,8,1,3,12,3,2,1,0,1,43,2
3,3,9,3,1,13,5,0,1,6,3,46,5
4,7,10,4,0,0,0,0,1,4,0,37,0
5,3,8,1,1,0,2,0,1,2,1,41,4
5,7,11,2,0,6,3,0,1,0,2,47,4
5,7,11,8,0,11,1,2,1,3,0,43,4
4,0,11,0,0,6,1,0,0,0,2,40,6
3,0,6,4,1,6,3,1,1,4,1,38,4
3,7,9,3,0,13,2,1,1,3,0,36,5
5,7,12,4,0,12,3,2,0,3,0,41,6
4,7,7,4,1,8,3,0,0,4,0,40,4
3,7,11,2,2,0,2,2,1,3,4,41,8
4,7,11,3,0,7,2,2,1,3,0,42,10
6,7,14,3,2,12,4,0,1,4,0,44,1
3,7,11,0,0,12,3,1,1,5,1,44,0
4,7,12,3,0,13,2,0,1,3,0,39,0
3,3,11,1,2,2,2,1,1,4,0,44,5
2,3,9,3,2,13,5,1,0,7,4,36,0
5,7,7,1,0,13,1,1,0,0,1,39,4
6,7,8,2,2,12,1,2,0,5,0,44,2
4,7,7,5,1,1,5,1,0,0,2,40,2
4,5,9,5,1,13,0,0,0,0,0,40,4
4,2,10,7,0,8,1,0,1,0,2,41,1
2,7,4,2,0,3,2,0,0,3,0,39,1
3,7,10,1,0,5,4,1,0,2,0,40,0
4,7,10,6,0,12,0,0,1,0,0,37,6
4,7,13,6,0,6,3,1,0,1,0,44,4
4,7,7,4,0,5,3,0,0,0,0,39,0
4,2,9,4,0,13,2,0,0,0,4,41,8
4,6,4,3,2,13,3,2,1,7,0,43,0
2,5,6,3,1,11,3,0,0,4,0,40,10
3,7,10,3,1,5,2,2,1,5,3,41,4
5,2,8,2,1,9,4,0,0,7,2,33,2
4,4,6,1,0,6,2,0,0,1,0,36,0
3,5,12,4,0,13,2,0,1,0,0,42,6
5,7,5,3,3,7,2,0,0,5,4,40,1
3,4,7,4,1,3,1,0,0,0,0,40,4
3,0,8,2,1,13,2,0,0,0,0,33,10
4,7,12,1,0,10,1,1,1,1,0,40,0
3,0,8,4,0,13,2,0,1,2,0,44,9
5,6,10,2,1,0,3,1,0,4,0,39,1
3,7,12,6,0,9,1,1,1,4,0,34,1
3,1,8,4,1,12,1,2,1,4,3,41,9
1,3,6,6,0,13,3,0,1,4,3,35,9
3,6,7,5,0,0,3,0,0,1,2,43,5
1,7,9,2,0,3,1,0,1,3,2,48,0
4,2,7,3,1,8,3,0,1,4,0,43,1
3,5,10,5,0,13,3,0,0,3,0,46,3
3,4,12,3,0,7,5,0,1,0,0,47,2
4,7,6,4,0,8,3,2,1,3,1,36,4
4,5,10,4,2,13,3,2,1,4,0,45,3
5,7,8,4,0,6,3,0,0,1,2,44,11
2,7,9,4,1,6,2,0,1,4,5,36,7
3,7,13,4,1,13,4,3,1,4,1,37,6
4,7,7,3,0,2,3,2,1,1,2,36,5
4,1,10,3,2,3,2,1,1,4,1,42,7
2,7,7,5,2,7,3,2,1,4,0,44,1
2,2,8,4,0,13,3,0,1,4,1,42,10
3,7,14,6,0,13,3,2,0,0,2,41,2
3,7,7,6,0,10,4,0,1,3,0,40,6
5,5,8,2,2,13,2,1,1,5,0,40,0
4,0,10,7,0,13,0,0,1,3,0,37,2
4,0,9,2,0,7,0,1,0,0,2,41,3
3,2,13,4,1,5,2,1,1,3,0,39,5
1,7,12,0,0,13,0,1,1,0,0,50,0
4,7,8,2,1,13,2,0,1,4,0,45,5
4,4,11,1,0,5,0,3,1,0,0,49,1
4,1,12,2,0,7,1,0,1,0,0,43,1
3,0,9,5,1,4,3,0,1,4,0,38,3
2,2,8,5,0,10,3,1,0,2,4,39,10
2,7,7,4,0,13,1,1,0,0,1,40,0
3,5,11,4,0,13,3,1,1,0,0,35,4
4,7,9,4,0,8,2,0,1,3,3,35,1
4,7,11,5,2,6,2,0,0,4,0,35,4
1,0,5,5,1,10,3,2,0,2,2,39,10
5,7,9,2,1,4,3,0,0,4,7,43,5
6,6,9,1,2,12,3,3,1,4,3,44,0
3,3,11,4,1,11,3,0,1,4,0,33,3
3,0,6,6,2,13,3,1,1,2,0,37,5
3,1,9,8,0,7,1,1,1,3,1,46,5
4,7,9,5,0,11,2,1,0,3,2,46,9
4,7,10,0,1,13,2,0,1,0,1,46,3
4,5,8,4,2,9,3,0,1,0,5,39,0
2,1,11,5,0,10,2,1,0,2,1,43,6
3,7,5,6,1,10,2,1,0,3,0,42,2
6,4,7,7,2,5,4,0,1,0,0,43,2
4,4,13,5,2,2,2,1,1,4,3,40,10
3,6,10,2,1,0,2,1,0,4,5,42,4
2,7,10,5,0,13,2,3,0,1,2,36,11
5,1,11,3,3,13,4,0,0,5,0,44,4
4,1,12,2,2,11,3,2,0,1,0,42,5
3,7,14,1,4,11,5,0,1,3,0,43,12
2,7,8,5,2,12,4,0,1,5,3,39,9
3,6,9,2,3,5,2,0,1,4,2,41,4
1,7,7,7,2,5,4,0,1,0,1,42,4
4,1,8,0,0,11,2,0,1,3,2,39,11
3,6,5,4,0,5,2,1,0,4,1,36,10
4,5,2,4,0,11,3,1,0,3,3,42,0
3,7,7,2,1,13,3,2,0,0,1,39,1
3,7,10,7,0,13,2,2,1,0,0,36,6
2,7,3,4,2,0,1,1,1,3,0,45,4
2,3,7,5,0,6,3,0,1,3,0,36,0
3,1,12,0,0,13,3,0,1,0,0,34,3
2,0,7,4,1,1,1,2,1,3,2,35,6
4,7,9,0,0,8,2,2,1,0,4,38,0
6,7,10,2,0,8,3,0,1,3,4,43,8
4,7,11,3,1,13,2,1,0,5,0,48,2
2,4,12,3,0,13,3,1,1,0,0,45,6
3,3,11,2,0,9,2,1,1,0,2,49,1
1,7,12,2,0,10,3,2,0,4,0,41,1
3,7,7,6,0,12,1,2,1,0,0,42,8
3,2,9,2,0,13,2,2,0,2,0,40,7
3,7,7,6,0,3,3,0,0,0,3,39,6
5,5,9,9,1,8,1,1,1,5,0,44,0
3,3,5,3,3,13,2,1,1,4,0,42,5
5,6,5,3,3,9,4,0,0,5,2,45,5
1,7,13,2,0,13,3,0,0,3,1,40,6
3,7,10,5,1,3,2,1,1,3,0,36,8
3,5,8,5,1,13,3,2,1,4,1,42,5
3,7,10,4,0,3,3,1,0,1,0,42,2
3,7,8,7,0,10,2,2,1,0,1,44,3
3,7,8,6,2,13,2,2,0,5,0,39,4
5,7,8,3,0,5,3,0,1,0,2,40,4
4,3,6,2,0,8,2,1,1,0,2,44,1
3,7,7,6,2,8,2,0,1,3,0,39,3
4,7,7,5,0,13,2,0,1,0,0,45,11
1,7,12,4,0,7,2,0,1,3,6,37,2
5,0,10,6,1,13,3,0,0,2,0,40,5
2,7,9,5,2,13,1,0,1,4,2,38,5
3,6,4,3,1,0,3,0,1,2,2,33,0
5,7,11,6,0,10,3,0,0,4,3,33,5
4,7,9,4,0,13,3,1,0,0,1,43,3
3,5,10,7,2,6,3,2,1,5,4,41,0
5,0,10,4,0,3,3,0,0,6,0,34,3
4,6,8,1,0,9,3,0,1,3,2,42,6
3,7,10,1,0,11,3,1,1,0,1,48,0
4,7,10,2,0,5,2,1,0,2,0,36,0
2,5,11,4,0,0,3,0,1,2,4,44,1
5,3,10,4,0,9,2,0,0,0,3,42,2
4,0,8,3,1,9,1,0,1,6,0,40,1
3,2,9,3,1,3,3,0,1,2,0,37,1
4,7,9,3,1,8,3,1,1,4,2,38,2
2,0,8,4,0,5,1,2,1,3,2,42,0
2,5,8,3,2,13,2,0,0,4,3,37,9
4,7,10,6,1,5,2,0,1,3,0,47,0
3,4,8,6,2,9,3,1,0,3,2,37,9
2,6,10,3,0,13,2,0,0,3,0,36,0
4,4,6,2,0,13,1,1,1,0,1,46,0
4,5,5,4,0,5,2,0,0,0,2,36,9
3,7,7,9,1,7,2,2,1,4,4,40,9
3,6,8,3,0,11,4,2,1,4,2,42,0
3,7,3,3,0,13,1,1,1,4,3,44,0
4,6,7,3,0,13,3,0,1,0,1,46,0
5,7,9,4,0,9,3,0,0,0,3,44,6
3,6,7,4,0,11,1,3,0,0,0,36,3
3,0,10,6,0,7,2,0,0,3,2,40,7
4,7,11,1,0,13,2,0,1,0,4,39,3
3,6,14,2,1,13,4,1,1,0,4,37,0
3,1,8,4,0,4,3,1,0,1,0,36,4
3,4,10,5,1,12,2,3,1,4,2,39,7
2,4,6,2,0,13,2,0,1,0,1,39,4
4,6,13,1,3,5,3,0,1,0,1,42,12
3,3,9,3,2,13,4,2,1,0,0,42,2
5,3,9,3,0,5,2,0,1,0,0,39,7
4,4,10,2,0,0,1,0,1,1,1,46,7
4,7,9,2,1,9,2,1,1,4,0,42,9
4,1,10,3,2,12,3,0,1,4,0,45,3
3,7,8,5,0,13,1,0,0,2,1,45,5
3,6,7,1,1,6,3,1,1,4,4,39,4
4,1,8,4,2,13,4,1,1,6,0,43,3
3,7,8,6,0,4,1,1,1,4,1,47,7
3,7,7,5,0,1,3,0,1,2,2,40,6
3,4,7,6,0,7,1,1,0,0,0,38,1
4,7,9,2,0,0,3,0,1,2,3,38,8
4,7,7,5,0,13,3,0,1,3,1,45,4
3,7,7,6,2,4,3,2,1,3,3,42,12
2,7,9,6,0,11,0,0,0,0,1,41,4
3,1,8,3,2,11,3,0,0,1,1,40,5
4,7,10,6,0,13,2,0,1,0,0,41,10
4,7,7,2,0,8,2,0,0,0,0,44,0
5,7,11,5,0,9,3,1,0,3,3,39,6
4,7,8,3,1,13,3,1,1,4,2,40,3
3,6,8,3,0,13,3,0,0,0,2,40,2
3,4,12,4,0,8,2,2,1,0,1,37,4
2,7,9,5,2,2,3,0,1,3,2,46,9
2,2,8,3,0,6,2,0,1,3,3,37,8
4,6,10,4,2,4,4,1,1,3,0,40,2
4,7,9,1,1,13,2,0,1,4,1,43,2
5,3,9,6,1,2,2,1,1,4,0,44,4
4,3,11,2,0,13,4,1,1,5,3,38,0
4,7,5,2,0,1,4,1,1,2,3,34,3
4,3,11,0,0,6,2,1,0,3,0,39,0
4,1,7,5,1,10,2,0,0,6,1,36,2
5,7,8,2,2,1,3,2,1,1,1,45,11
4,7,12,1,1,9,2,0,1,4,0,41,0
2,4,10,3,1,9,3,1,1,4,1,39,6
2,3,7,4,0,11,1,1,1,3,2,43,0
5,5,8,4,1,8,4,0,1,3,2,39,6
3,7,10,4,0,8,4,0,1,5,5,44,8
3,7,11,7,0,10,2,2,1,3,0,44,8
4,1,9,6,3,9,3,2,1,4,2,48,2
4,7,12,5,0,5,2,2,1,2,1,42,4
5,4,9,6,0,13,2,0,1,3,1,39,3
3,6,11,2,3,7,3,2,1,1,1,44,5
4,0,9,5,3,9,4,1,0,4,1,41,7
3,0,9,2,1,13,3,2,0,2,3,37,10
3,5,6,5,1,13,1,1,0,0,0,39,1
3,7,10,5,1,4,4,0,1,3,0,46,0
3,0,9,4,1,7,2,0,1,3,1,41,4
5,7,8,0,0,5,3,0,1,3,2,42,1
3,7,7,6,1,6,2,0,0,4,0,32,6
5,7,9,2,0,11,4,1,1,0,0,42,0
3,5,5,1,0,13,3,1,1,0,1,42,4
4,7,7,4,1,2,2,1,1,3,0,43,2
3,4,7,2,0,11,1,2,0,0,4,42,1
3,5,8,0,0,4,3,0,1,0,0,37,9
4,7,9,1,1,5,3,0,0,3,2,44,4
6,7,10,4,1,13,4,0,0,4,0,41,5
2,5,14,4,0,4,3,2,1,3,0,40,7
2,7,7,5,2,13,3,0,1,6,0,40,8
4,0,8,0,0,12,2,0,1,0,0,39,9
3,7,7,5,0,12,1,1,0,0,0,38,0
4,3,9,6,1,4,2,1,0,1,0,44,13
4,7,13,4,2,0,2,0,1,2,1,38,8
3,7,7,5,0,7,2,1,1,2,1,42,7
4,7,11,4,0,9,2,1,1,3,0,40,0
5,7,7,0,2,4,2,0,0,3,0,44,7
3,5,11,2,0,9,3,1,0,3,1,47,5
3,4,7,2,1,7,2,0,0,4,2,39,4
3,7,11,3,3,5,4,2,1,6,1,37,0
2,7,9,6,0,9,3,0,1,5,2,41,9
3,1,11,4,2,13,3,0,0,3,1,39,3
2,7,10,7,3,4,2,1,0,5,2,40,5
4,7,11,4,0,9,3,0,0,2,4,40,3
6,6,9,2,0,8,2,2,1,3,2,41,0
3,7,4,6,0,8,2,1,0,2,2,41,4
3,7,5,4,2,13,4,0,1,0,1,40,2
4,5,6,5,0,13,1,1,1,0,0,48,1
4,7,11,4,2,3,3,0,1,1,1,44,5
3,3,9,2,1,4,3,0,1,4,2,38,1
4,7,10,3,0,5,2,2,1,0,0,43,5
4,1,9,2,0,13,2,0,0,0,0,36,3
5,7,13,1,1,7,4,1,1,5,3,37,5
5,7,8,3,1,2,4,0,0,2,3,46,1
1,2,6,5,0,13,4,0,0,4,2,40,1
3,4,9,1,0,13,2,0,1,0,0,39,0
4,7,10,4,4,13,3,1,0,7,2,41,0
4,3,9,5,0,13,3,0,0,3,3,41,1
3,1,11,4,2,5,2,1,1,4,5,38,8
3,0,11,4,0,10,4,0,1,0,4,40,8
5,2,7,4,0,13,4,0,0,4,1,44,0
4,5,9,1,0,13,1,0,1,0,0,36,7
2,7,12,6,0,7,3,0,1,4,0,38,1
3,5,7,4,0,0,0,1,0,4,0,34,1
3,7,11,2,0,9,3,1,0,1,5,42,2
2,7,11,3,0,13,3,2,0,0,0,45,6
2,1,9,4,0,13,1,0,0,2,3,44,13
3,5,6,3,1,6,1,0,1,3,0,44,2
4,3,14,3,0,0,2,2,0,0,2,39,6
3,1,8,2,1,11,4,1,0,4,1,34,11
3,7,12,5,1,13,2,1,0,4,0,41,5
4,5,8,5,0,13,2,0,1,0,1,47,7
5,7,6,6,0,13,3,0,0,0,4,37,4
6,7,9,2,1,5,2,0,0,0,0,48,9
4,3,7,3,0,13,2,0,1,0,1,40,0
2,0,8,1,0,5,2,1,1,4,2,41,3
4,7,13,3,2,0,4,1,1,5,2,43,5
3,7,10,4,1,2,1,0,1,3,0,44,0
1,3,10,4,1,10,2,0,0,4,2,47,3
4,7,7,2,2,1,3,0,1,1,0,41,7
3,7,16,3,0,5,4,1,0,0,4,46,9
2,2,4,3,1,8,3,0,0,0,1,39,4
3,7,8,4,2,12,4,0,1,6,3,46,2
4,0,7,2,1,3,2,1,1,5,5,43,1
2,7,8,5,3,13,2,0,1,5,1,39,5
5,7,7,2,2,0,2,0,1,1,0,46,5
2,4,8,4,1,13,1,1,0,4,0,44,2
4,4,9,4,0,9,2,0,1,0,1,43,7
4,2,9,4,1,13,3,2,1,3,4,41,12
4,7,12,2,1,11,1,2,0,4,2,45,2
3,3,7,3,0,9,3,0,1,0,0,39,0
4,7,8,5,1,0,1,1,1,2,3,42,9
3,1,8,6,0,8,3,0,1,4,1,42,1
2,3,9,3,0,12,3,1,0,0,2,41,0
2,1,3,4,1,4,3,0,0,0,0,47,8
2,3,11,3,1,9,3,1,0,5,0,40,5
2,7,11,6,0,4,1,0,0,3,2,45,4
3,7,12,5,1,13,3,0,0,5,2,36,8
2,6,8,2,0,13,1,2,1,4,0,40,0
2,7,6,1,0,0,5,1,1,1,1,35,9
1,3,14,4,0,8,3,2,1,1,1,44,6
2,6,9,2,1,12,3,0,0,5,0,38,4
3,0,7,5,0,0,2,1,1,0,0,41,3
4,2,10,2,0,7,4,0,1,3,0,35,6
3,6,7,3,1,9,1,2,1,6,3,43,9
2,6,14,2,2,3,3,0,1,4,0,42,6
3,4,10,2,0,11,3,1,1,4,2,52,4
3,7,11,2,1,11,2,0,0,5,3,47,1
4,0,6,3,2,5,2,1,1,0,1,37,7
1,7,8,7,0,10,2,0,0,2,0,45,6
5,7,8,3,3,13,2,1,0,6,0,35,8
4,7,6,0,0,6,1,1,1,0,1,44,3
3,7,6,4,0,11,2,1,1,0,5,41,10
3,7,7,0,0,12,0,0,1,1,0,46,0
4,7,8,3,0,5,2,0,1,4,0,41,5
4,5,9,2,0,7,3,1,0,1,5,38,6
2,4,8,4,0,12,2,2,1,0,0,41,4
4,7,11,6,0,0,2,1,1,0,0,48,4
2,3,11,2,0,9,2,0,0,0,1,39,4
3,0,8,6,0,6,3,1,0,5,3,41,0
4,7,11,4,0,6,3,0,1,0,3,47,3
3,2,9,3,0,13,3,0,1,2,3,41,11
3,5,11,1,0,11,3,3,1,0,3,40,3
3,3,7,3,1,11,3,1,0,0,0,44,5
4,5,7,1,2,13,2,0,1,3,0,39,7
3,7,13,0,0,13,2,3,1,0,1,36,2
3,7,5,6,2,12,2,0,1,4,5,35,7
4,5,6,5,0,6,3,0,0,3,2,45,9
4,1,8,2,2,12,2,1,1,4,0,46,5
4,6,8,1,3,10,4,0,1,5,3,35,4
5,7,10,1,0,10,2,2,0,0,0,37,11
2,7,5,4,0,4,4,0,0,3,2,42,3
2,7,8,2,0,11,3,2,0,0,0,41,5
2,5,11,4,2,13,2,0,0,4,1,39,3
3,7,8,5,1,11,1,0,1,4,0,44,1
2,7,10,6,0,11,4,1,0,3,0,41,6
3,0,8,4,0,3,2,1,1,0,2,44,3
2,7,9,2,1,7,3,1,0,4,0,32,8
3,7,8,5,0,7,3,2,0,3,0,49,6
2,0,11,4,0,11,4,0,1,2,1,40,8
5,2,10,3,3,2,2,0,0,4,0,41,8
2,2,8,0,1,0,2,1,1,5,0,45,9
3,4,7,1,1,1,4,1,1,3,0,44,0
1,7,10,2,3,13,3,2,1,5,1,41,9
2,5,2,4,0,0,3,0,1,2,0,45,8
2,1,8,4,0,8,0,1,1,4,3,36,10
2,5,9,6,0,9,3,0,1,0,1,43,0
5,5,7,5,0,7,2,0,1,3,0,47,5
3,7,12,2,0,13,4,0,0,3,0,37,2
5,1,11,3,1,7,4,1,1,10,3,35,5
3,3,10,4,0,13,1,1,1,3,2,44,2
5,7,14,5,2,13,4,0,1,4,1,40,6
4,6,11,5,0,0,2,1,0,2,0,37,10
2,0,8,3,2,8,4,0,1,5,0,40,7
3,0,13,3,1,3,2,0,1,4,1,39,5
2,4,11,3,3,13,3,0,0,4,4,48,7
6,7,8,6,0,7,1,1,1,0,0,44,2
3,1,9,5,2,4,2,0,1,5,3,40,4
3,6,9,1,0,5,1,1,1,0,1,41,4
4,7,10,3,0,12,2,0,1,4,2,48,7
4,5,6,2,0,6,1,0,0,0,5,40,6
5,7,8,5,1,13,1,1,1,4,1,46,7
2,5,12,4,1,2,3,1,1,2,1,43,2
2,2,10,0,0,7,2,1,1,0,2,53,0
1,7,12,5,0,8,2,1,1,4,0,42,9
3,7,8,1,0,12,3,0,0,3,0,40,4
3,5,11,7,0,8,4,1,1,0,0,39,0
3,7,7,4,0,7,2,0,0,4,3,43,6
3,4,12,5,0,12,2,1,1,2,3,41,7
5,7,8,3,0,10,1,1,0,3,2,40,9
1,5,9,4,1,8,1,0,1,5,1,39,2
3,7,6,5,2,10,4,1,1,3,5,42,12
3,7,10,4,1,7,2,1,0,3,2,43,4
4,7,7,2,0,6,4,0,0,2,0,36,7
3,0,10,3,2,13,3,1,1,6,1,37,3
3,6,6,5,0,9,3,0,0,3,4,45,1
3,4,9,6,2,7,2,2,0,6,1,41,0
3,3,11,3,0,5,5,0,1,3,1,45,3
4,5,13,6,0,9,2,1,1,2,0,38,5
4,7,14,5,1,4,2,1,1,3,3,41,3
5,3,13,3,0,0,1,0,1,3,2,35,11
5,3,8,4,0,4,3,2,0,1,0,40,17
3,6,7,5,0,4,2,0,0,3,3,42,5
5,2,8,2,0,8,1,0,0,4,3,41,0
5,7,7,4,4,12,3,0,1,4,2,35,7
2,7,12,6,1,10,1,0,1,5,0,44,4
3,7,8,2,0,5,4,0,1,0,0,45,4
4,7,10,1,0,11,4,2,0,0,1,43,0
4,5,11,2,3,4,3,0,1,1,2,44,5
3,7,10,2,1,13,4,1,0,4,2,37,5
4,2,13,2,0,8,2,2,0,5,0,35,0
6,6,10,1,2,8,4,1,0,6,1,43,6
2,5,7,5,0,13,2,0,1,0,2,39,5
4,2,8,5,1,8,1,1,1,4,1,39,5
2,7,10,2,1,1,3,2,1,2,2,39,6
3,7,3,0,0,9,1,0,0,0,0,36,3
4,0,8,5,1,6,3,0,1,4,1,35,1
4,7,10,0,1,10,1,1,0,5,0,38,1
3,4,5,1,0,9,1,1,0,3,0,51,0
4,6,13,5,1,13,0,3,0,2,0,45,7
2,6,9,4,1,9,1,0,1,4,1,41,5
3,2,8,4,1,9,2,0,1,4,4,43,7
3,7,6,5,0,8,1,0,0,0,0,38,0
5,7,8,3,0,13,1,1,0,0,0,41,0
3,0,7,3,1,12,3,0,0,3,2,43,5
3,7,7,3,0,13,0,1,1,0,0,42,4
2,7,9,4,2,10,3,0,1,3,0,41,8
5,0,6,2,1,13,5,0,0,3,2,40,0
4,5,8,1,1,13,1,3,1,0,2,43,3
4,7,11,4,0,4,2,0,1,0,4,44,8
3,5,11,4,0,13,2,1,0,0,3,43,3
4,7,15,4,1,6,1,2,1,3,1,43,8
4,4,7,4,1,12,3,0,0,0,0,44,2
4,7,10,2,0,9,5,0,1,5,4,41,0
3,1,7,5,0,13,3,0,0,3,2,38,0
2,3,10,4,1,4,3,0,1,4,2,35,3
2,5,12,6,0,9,1,0,1,0,2,46,4
4,1,14,6,0,8,2,1,1,0,2,42,0
3,7,10,3,0,6,3,0,0,2,2,40,5
4,7,10,5,3,13,4,0,1,4,1,45,4
1,6,10,7,0,13,2,2,1,4,1,42,6
3,7,15,1,0,10,3,1,1,0,1,40,1
2,2,10,3,1,8,2,0,0,5,0,43,4
5,2,7,0,0,13,0,1,0,0,1,43,3
3,4,9,2,0,12,2,0,0,0,0,45,4
5,7,9,6,0,9,3,0,1,0,6,39,2
5,7,8,5,1,7,3,1,1,5,3,41,7
3,7,10,4,1,5,2,1,1,3,0,41,0
3,6,8,3,0,13,3,1,0,0,0,47,4
4,7,10,5,0,5,1,0,1,2,0,42,2
3,7,10,4,0,6,3,1,0,0,1,43,0
3,7,7,1,1,5,4,0,1,3,2,35,5
3,1,10,3,2,13,3,0,0,1,3,46,6
3,5,8,3,1,13,3,0,0,0,3,42,2
2,7,9,8,0,13,2,0,1,0,2,44,6
6,7,9,1,0,8,1,1,0,1,0,35,1
4,7,10,3,1,5,3,0,1,2,1,39,2
3,7,9,3,2,8,1,3,0,6,1,44,10
4,7,12,7,0,6,2,0,1,0,1,41,0
2,4,7,6,1,10,4,1,0,0,4,37,3
3,0,11,4,0,9,4,0,1,0,2,34,9
2,7,11,3,1,3,2,2,1,1,2,45,4
3,7,10,2,0,10,2,1,0,3,0,42,4
1,0,10,1,1,10,1,3,0,6,2,40,4
1,0,7,4,2,11,3,0,1,4,0,38,6
4,4,12,3,0,12,1,0,1,3,0,38,0
3,0,9,3,1,5,2,1,1,3,0,37,4
1,5,13,6,0,12,2,0,0,0,0,40,6
2,1,9,0,3,8,1,0,1,0,3,40,0
3,4,11,1,1,8,2,0,0,5,0,35,3
5,3,8,1,2,7,3,2,0,5,3,41,3
2,0,10,6,2,3,2,0,1,6,0,40,0
1,7,7,4,0,3,3,1,1,4,0,44,2
6,7,8,8,0,13,2,0,0,1,0,39,5
3,4,11,2,1,12,4,2,1,5,2,39,2
5,3,8,5,1,3,2,0,1,6,1,32,0
2,7,13,2,0,8,2,0,0,2,2,38,1
3,5,12,5,0,13,5,0,1,0,2,45,1
2,7,7,2,1,10,3,0,1,5,3,38,8
5,7,7,5,0,13,1,0,0,3,0,44,4
5,5,8,2,1,4,3,0,1,2,1,40,0
3,2,11,5,0,4,2,0,1,1,2,41,5
2,5,8,5,0,8,0,0,1,4,0,43,2
5,7,10,2,0,8,3,0,1,5,5,37,0
4,1,10,5,2,12,3,1,1,1,2,37,4
4,5,5,6,2,13,4,0,0,0,1,41,2
5,7,8,3,1,0,2,2,1,4,1,43,1
5,5,5,4,1,3,2,1,1,4,5,37,3
3,6,9,6,2,10,3,1,0,3,3,40,6
2,7,10,3,0,3,4,0,0,2,0,37,4
1,7,11,2,3,0,3,1,1,4,3,45,2
4,7,8,2,0,12,2,1,0,0,1,44,1
3,7,8,1,0,9,2,0,1,3,0,34,0
3,3,9,2,0,7,3,0,1,0,0,46,0
3,2,8,5,1,7,2,0,0,5,0,35,2
3,7,7,1,1,12,4,2,1,0,4,37,0
4,7,7,1,1,12,4,0,1,4,0,39,8
4,1,6,1,1,13,3,0,0,5,3,39,1
3,7,6,4,1,3,4,0,0,2,2,40,1
3,0,10,4,1,4,3,1,1,4,0,47,7
5,7,8,2,3,1,0,3,1,6,1,41,0
3,7,11,2,3,13,5,0,1,3,0,42,3
2,7,10,0,0,6,3,1,1,1,0,40,0
4,3,9,7,0,10,3,0,1,3,1,40,9
4,7,9,0,1,3,0,0,1,0,3,40,6
2,5,8,5,0,11,3,0,1,4,4,40,1
5,4,6,4,0,4,2,0,1,1,1,42,6
2,5,9,4,0,5,4,0,1,4,3,39,2
3,4,7,7,0,12,2,2,0,0,0,42,1
4,5,9,6,2,4,4,0,1,4,1,42,3
4,2,8,4,2,13,2,1,0,2,3,35,3
6,7,8,2,2,13,1,2,0,6,4,46,4
2,7,6,5,0,13,1,0,1,0,0,48,9
3,7,11,4,1,9,3,0,1,4,0,39,10
3,4,8,1,2,13,2,1,0,3,0,37,4
5,4,14,5,0,13,2,2,1,1,2,36,3
2,7,9,5,2,4,1,0,1,5,0,41,2
4,7,12,4,1,5,1,1,1,3,1,37,3
4,1,11,2,4,11,3,1,1,4,4,36,4
4,0,8,4,1,5,4,0,1,4,2,38,2
2,6,12,2,2,13,3,0,1,4,0,34,7
1,1,9,6,2,5,2,0,0,6,2,39,3
5,7,12,2,0,12,1,0,0,0,4,39,5
2,7,13,4,0,5,2,1,1,0,1,43,3
3,7,5,1,0,13,1,0,1,0,3,40,1
6,5,10,7,0,10,2,0,1,2,1,41,8
2,5,7,5,1,4,3,0,1,2,0,38,3
3,7,9,6,0,13,2,0,0,0,3,42,0
6,7,7,4,0,5,2,0,1,0,0,35,0
2,7,11,1,3,12,2,2,0,3,0,40,10
3,0,7,3,1,12,4,1,1,3,0,40,10
2,7,9,7,1,3,1,0,0,4,3,44,0
5,7,12,6,1,1,2,2,0,3,1,34,5
3,7,11,5,0,10,2,0,0,0,0,45,7
3,1,9,4,1,13,3,0,0,2,1,44,6
3,6,8,5,0,13,3,1,0,2,0,49,6
2,7,7,4,2,12,1,0,1,5,5,39,3
3,7,8,6,1,9,4,1,1,4,1,37,4
4,5,10,2,1,0,3,0,0,2,0,36,4
3,0,6,4,0,12,2,2,0,0,2,43,10
4,0,9,7,0,12,1,0,0,4,1,41,3
3,7,8,3,2,3,2,1,1,4,6,41,6
3,7,9,4,2,10,2,0,1,4,0,40,6
2,0,7,4,0,11,2,0,1,4,0,44,2
4,3,6,5,0,12,2,0,1,0,0,43,0
4,7,14,2,1,13,1,1,1,0,0,39,2
4,4,11,3,0,6,1,1,1,0,1,49,4
4,7,5,7,3,13,4,0,0,3,0,40,6
6,7,10,3,1,13,2,0,0,4,1,40,2
1,2,10,1,0,4,2,1,0,2,0,42,4
4,2,10,2,1,13,5,2,0,2,5,38,6
3,3,11,4,1,4,4,1,1,3,2,41,3
4,7,7,3,0,9,3,1,1,0,0,46,0
3,4,11,5,1,5,2,1,0,3,4,41,6
3,4,9,2,2,4,2,2,1,3,0,40,6
4,3,6,5,1,13,3,2,1,5,0,36,4
6,2,9,3,0,13,3,3,0,0,0,43,1
4,6,10,7,3,13,3,1,1,3,1,45,14
4,7,6,2,0,12,2,0,1,0,1,41,0
4,1,7,4,3,4,4,0,1,0,1,47,0
5,7,13,4,0,7,2,0,1,0,1,34,8
4,7,8,1,2,13,4,1,0,6,0,43,9
4,7,9,4,0,10,1,0,1,4,5,36,0
3,6,9,3,1,9,1,0,0,5,1,36,0
5,6,14,5,2,9,2,0,0,5,1,36,5
2,4,5,6,0,12,2,1,0,2,1,40,3
3,0,5,5,2,13,3,1,1,4,0,38,4
6,7,7,4,1,5,3,2,1,4,0,50,5
4,7,8,1,3,13,5,0,0,5,7,42,5
2,6,7,4,1,9,2,0,1,4,2,42,6
4,2,9,5,2,11,4,0,1,5,0,38,7
4,7,6,4,0,10,3,1,1,0,0,40,1
3,2,12,1,0,8,0,0,0,4,1,43,4
3,5,10,5,0,13,1,2,1,3,0,44,3
4,7,11,2,2,5,1,0,1,4,3,35,7
3,7,12,2,0,13,1,1,0,3,0,45,5
2,7,9,7,1,13,3,1,0,0,1,41,4
3,7,10,4,1,1,3,0,1,2,0,44,2
4,4,9,2,1,11,2,0,1,3,0,35,8
5,7,10,7,0,5,3,1,1,0,1,36,13
3,7,12,5,0,11,4,2,0,1,2,39,3
4,0,10,0,2,4,3,1,1,0,2,47,0
4,4,14,4,0,8,2,2,1,0,0,32,7
2,0,8,4,2,9,5,1,1,3,0,38,7
2,7,7,4,1,12,2,1,0,4,0,40,5
3,5,3,8,2,7,3,1,1,0,0,40,4
5,1,6,5,0,13,4,2,0,3,0,46,3
3,7,10,5,1,13,3,2,1,4,5,40,3
4,5,12,5,0,13,1,2,0,5,0,38,1
3,4,4,5,0,13,2,0,0,0,2,42,6
1,7,9,1,0,8,4,0,0,5,0,35,0
3,4,15,6,0,9,4,0,1,0,3,44,4
3,7,11,6,1,13,4,2,0,0,0,45,5
3,5,7,5,2,11,3,1,1,3,0,43,6
5,7,11,2,3,8,1,2,0,6,0,38,10
4,7,7,3,0,13,3,1,1,4,2,41,7
4,7,9,3,2,3,4,0,1,3,0,40,7
5,7,7,1,0,3,2,0,1,0,1,45,9
4,7,8,3,0,13,2,0,1,4,0,40,0
4,7,7,6,0,11,1,0,0,3,1,43,15
2,7,7,4,2,4,3,0,0,5,1,38,6
3,7,11,3,0,8,1,0,0,0,2,42,1
1,7,6,3,1,10,3,2,1,3,0,37,2
4,4,5,2,0,13,1,0,1,0,1,33,0
4,7,6,2,0,5,3,1,1,0,0,44,3
5,7,10,5,0,7,3,2,1,2,0,40,1
4,4,10,2,1,8,3,1,1,3,2,40,3
4,7,10,5,1,7,1,2,0,5,1,43,0
4,7,14,2,0,10,2,0,0,3,1,44,0
3,5,7,4,0,11,3,1,0,4,0,37,0
4,6,8,5,0,13,3,0,0,0,2,43,3
1,7,7,2,1,8,3,0,0,3,0,39,1
4,5,7,4,2,0,2,0,1,3,0,43,0
6,4,6,4,2,6,2,0,1,0,1,44,8
3,3,12,3,1,13,2,0,1,3,3,41,6
4,7,10,6,0,13,3,0,1,1,0,41,4
1,7,10,3,0,8,4,0,0,4,0,37,3
5,6,12,3,0,2,1,0,1,2,0,42,5
4,0,14,0,1,10,3,2,0,0,2,34,9
3,7,9,1,0,10,2,1,1,4,1,42,0
3,2,10,0,1,3,3,0,1,1,0,42,6
3,0,7,4,0,5,2,0,1,2,0,32,4
2,3,8,4,1,13,1,1,1,4,0,38,10
5,7,6,4,0,1,1,2,1,4,0,43,1
3,5,9,2,0,8,2,1,0,3,4,38,5
4,7,11,4,0,3,3,1,0,0,2,31,0
2,3,13,1,0,8,3,1,1,0,2,41,8
5,5,7,4,2,6,1,1,1,4,0,36,6
2,7,7,3,2,6,2,0,1,3,0,36,2
3,7,14,4,1,12,3,0,1,3,0,40,9
4,4,9,2,1,0,3,0,1,2,1,36,11
3,4,12,1,0,8,3,1,1,0,0,43,6
3,7,8,6,0,12,2,1,0,0,5,41,1
3,5,9,5,1,13,2,1,0,4,0,43,3
4,7,11,4,2,13,4,0,1,0,4,36,0
3,6,9,5,0,11,3,0,0,0,2,42,0
3,3,9,5,2,11,2,0,1,0,0,43,5
6,7,9,6,0,12,1,0,1,2,3,45,4
2,7,7,4,0,11,0,0,1,0,0,42,2
3,5,10,2,1,13,2,0,1,3,2,37,3
3,6,14,6,2,8,2,0,1,6,0,41,10
3,5,6,6,2,6,2,0,1,3,5,42,9
3,7,12,3,1,13,4,1,1,3,3,40,7
5,7,7,3,2,4,4,2,1,5,1,36,3
2,6,11,1,1,11,1,1,1,4,0,39,4
4,4,11,4,1,12,1,0,0,1,1,46,5
4,4,11,7,1,0,2,1,0,3,0,40,6
4,6,6,2,1,6,3,0,0,5,3,39,4
4,7,9,6,2,10,4,2,1,0,0,38,0
1,0,2,3,0,1,3,0,1,4,3,36,10
3,7,7,3,1,3,1,0,1,4,1,37,6
4,7,10,2,0,6,2,0,0,3,0,45,5
5,7,6,1,0,8,3,2,0,2,1,45,5
3,7,11,5,0,6,4,2,0,5,1,42,4
3,2,6,5,1,5,1,1,1,5,0,43,4
3,7,11,5,1,11,3,1,1,6,0,38,9
4,7,6,3,0,7,1,1,1,0,0,44,1
2,7,11,4,0,3,3,1,1,1,0,43,4
3,7,7,3,1,13,4,1,0,0,3,40,0
4,3,9,4,1,5,3,0,1,0,2,39,3
3,3,12,1,0,13,4,0,1,3,0,37,2
4,7,7,2,1,4,3,1,0,4,1,43,9
3,7,7,5,0,7,2,1,1,2,2,40,6
3,7,8,6,0,5,2,1,0,0,2,38,8
3,7,11,2,2,10,4,0,1,3,0,38,7
4,4,12,6,1,0,2,0,0,3,4,37,1
2,7,11,1,0,6,2,1,1,2,3,41,4
2,0,9,2,2,9,2,0,1,4,0,40,10
4,3,9,2,0,13,0,0,1,0,0,44,12
3,4,9,2,1,13,2,0,1,3,2,40,11
1,7,6,4,2,2,2,1,1,5,2,44,3
3,7,10,5,0,6,2,2,1,0,0,37,2
4,7,7,1,0,7,2,0,1,0,0,43,9
3,5,9,6,2,12,3,0,0,0,0,40,2
2,4,7,3,1,11,3,1,1,4,2,41,7
2,7,8,2,0,12,5,1,1,4,2,41,3
2,6,11,2,2,4,3,0,1,3,0,46,4
5,7,9,5,0,10,1,1,0,0,1,45,0
4,1,8,3,3,6,2,1,0,6,2,39,1
3,7,7,6,2,3,3,1,0,3,2,42,12
2,6,7,5,1,9,2,1,0,5,2,39,0
2,5,12,6,0,12,2,2,1,0,0,40,4
4,7,7,5,0,7,2,1,1,1,0,38,10
4,4,8,4,1,13,2,2,1,3,2,38,9
2,7,7,5,0,13,2,0,1,0,0,50,0
3,7,7,7,0,13,1,0,1,1,0,42,9
3,0,8,4,0,13,2,2,1,2,0,40,4
3,7,7,3,2,2,2,0,0,1,0,40,4
4,2,7,1,2,4,3,1,0,0,1,44,5
3,5,5,1,0,10,3,0,1,0,1,43,0
1,3,8,4,0,6,3,0,1,3,0,40,3
2,0,5,0,1,13,2,0,0,5,3,43,2
2,4,9,3,1,7,1,0,0,4,0,45,4
3,7,8,5,0,3,0,0,0,0,2,37,5
3,4,10,8,1,2,2,0,1,3,3,38,0
4,5,10,5,0,8,1,0,0,1,0,47,5
6,7,9,8,1,9,1,0,1,0,2,40,7
4,7,11,3,2,6,2,2,1,4,0,39,4
3,5,7,1,2,11,5,0,1,4,0,39,3
3,3,6,2,2,13,1,1,0,0,0,41,0
5,7,9,2,2,13,4,0,1,5,1,42,0
3,3,10,2,0,0,2,0,1,0,5,38,0
2,7,11,5,0,10,1,0,0,2,0,38,1
3,7,8,1,0,3,1,1,1,2,0,44,0
3,7,13,4,1,6,1,1,0,3,1,43,2
4,6,6,2,0,13,2,1,0,0,0,41,5
4,7,7,6,3,2,1,0,1,4,0,33,3
3,7,11,3,0,13,4,3,1,3,0,38,3
4,7,8,0,2,7,2,0,0,4,0,38,5
3,7,7,1,0,10,3,2,0,4,2,44,0
2,7,11,3,0,1,0,0,1,0,2,44,11
3,0,10,4,0,13,0,0,0,0,1,44,3
3,6,14,2,0,7,3,2,0,3,1,41,0
5,3,5,5,0,0,5,0,0,0,4,43,2
3,7,7,5,0,13,3,2,0,0,2,39,1
5,2,12,5,3,11,3,1,0,4,3,41,12
4,7,8,4,0,10,1,0,1,4,0,52,3
3,3,7,5,0,6,4,0,0,4,1,36,2
3,0,9,4,1,3,3,0,0,4,2,38,2
3,7,8,2,1,5,2,1,1,5,0,37,6
3,3,5,2,0,12,2,1,1,0,3,34,0
3,7,12,1,2,13,4,0,1,3,1,43,5
4,7,11,5,0,10,4,2,0,3,1,45,2
3,7,10,5,2,13,3,0,0,4,0,41,6
4,7,9,5,0,13,3,1,0,1,0,43,2
2,7,8,3,0,7,1,0,1,2,2,36,1
6,7,7,1,0,6,3,1,0,0,2,43,8
3,1,13,4,2,2,1,2,1,5,2,41,0
6,7,12,5,0,2,1,0,1,3,3,38,0
3,7,12,3,0,6,2,0,1,5,0,44,0
3,6,14,2,1,13,1,0,1,5,0,43,0
4,7,9,7,1,0,3,0,1,1,0,43,10
4,4,11,0,1,1,1,1,1,1,0,41,7
3,2,6,6,1,13,2,0,0,4,1,42,3
5,7,15,6,2,12,2,0,0,4,2,40,4
4,0,9,0,0,13,2,0,1,2,1,34,11
5,7,10,2,0,6,3,2,0,2,0,36,6
3,6,9,5,0,11,2,0,0,3,0,45,3
5,7,7,6,1,10,1,0,1,4,5,42,12
3,5,7,5,0,10,3,2,0,3,1,43,2
5,7,11,1,1,3,4,0,1,3,0,42,9
4,7,8,2,1,6,2,0,1,4,0,36,9
3,7,10,6,0,9,3,0,1,2,0,48,3
2,7,13,4,0,13,1,0,1,3,0,44,0
3,3,8,2,1,0,2,1,1,4,2,39,3
3,7,6,5,1,12,3,0,1,3,0,40,3
3,1,10,3,1,4,4,0,1,3,1,37,3
4,7,11,4,3,0,3,1,1,5,1,36,5
4,3,8,7,0,8,2,1,1,0,0,35,9
5,7,11,7,0,11,2,1,1,1,1,41,7
3,3,9,4,1,11,3,1,0,0,2,37,0
5,7,9,6,0,12,3,1,0,0,2,43,7
2,7,10,5,0,7,3,0,0,4,2,41,5
4,7,5,4,0,1,0,0,0,4,6,36,3
4,0,10,3,1,6,3,0,1,3,0,44,6
3,7,8,4,1,4,2,1,1,0,0,42,6
3,3,6,3,1,13,3,0,1,5,3,43,4
3,4,6,4,1,13,3,1,1,4,0,48,5
4,1,12,1,0,13,4,0,0,1,0,36,11
3,5,8,4,0,11,1,0,1,4,2,39,3
3,6,7,4,0,3,3,0,1,1,3,39,3
4,6,9,5,1,13,3,1,1,3,0,44,3
4,7,11,0,2,3,2,0,0,4,0,40,2
4,7,7,5,0,8,3,1,0,2,2,38,6
4,7,12,4,0,8,2,0,1,4,3,37,0
5,7,7,4,0,0,2,1,0,1,1,41,5
1,7,8,7,1,8,2,1,0,5,0,38,3
3,0,10,1,0,1,1,0,1,4,0,43,6
3,0,6,4,2,13,2,1,1,7,0,41,0
2,7,6,4,0,13,4,2,0,3,2,44,7
2,7,11,7,0,11,1,0,1,0,0,39,5
3,7,6,6,0,13,1,0,1,2,2,40,9
5,7,9,4,2,12,2,2,1,5,1,41,3
4,4,9,4,0,6,4,1,0,3,0,38,1
2,7,12,4,2,3,2,0,0,5,0,42,4
4,2,12,3,1,0,5,0,1,0,5,43,3
3,5,10,8,2,13,4,1,0,0,4,39,2
3,7,13,4,3,9,3,0,1,1,1,40,10
3,3,7,2,0,8,3,0,1,0,0,45,6
2,2,9,4,1,13,3,0,1,4,1,36,12
3,7,10,5,0,13,3,0,0,0,2,40,9
4,6,13,2,2,10,3,1,1,3,0,36,4
3,2,9,1,0,8,4,0,1,0,0,43,0
2,4,3,8,2,9,4,2,0,0,0,44,5
4,2,14,5,0,13,1,0,1,2,2,38,3
3,7,6,1,0,2,1,2,1,2,4,41,3
3,7,7,4,0,4,3,0,0,0,0,42,2
4,2,9,0,0,13,4,0,0,1,0,40,3
3,6,10,2,0,5,4,1,0,1,0,42,1
3,6,7,6,0,12,2,0,1,0,1,45,3
6,7,8,4,0,10,3,0,0,0,0,44,7
4,7,9,4,0,1,2,0,0,0,5,35,7
4,5,10,4,2,13,2,1,0,3,0,37,5
2,7,7,3,2,0,3,1,0,0,0,39,9
5,7,7,1,0,13,3,1,1,0,1,41,2
4,7,10,4,1,13,1,1,1,6,2,41,8
2,5,12,5,2,1,2,1,0,4,1,40,2
3,3,10,5,0,8,2,1,1,1,0,39,3
4,7,7,5,0,12,3,0,0,3,1,39,8
4,7,6,7,0,6,2,0,0,0,3,45,3
4,7,12,2,0,10,4,3,1,0,3,43,7
4,4,12,2,0,13,3,2,0,0,2,42,0
3,7,8,6,2,13,3,1,0,3,1,42,10
5,7,6,2,2,0,2,0,1,5,3,38,7
3,7,8,5,0,11,1,0,0,1,4,42,9
3,3,6,3,2,9,2,1,0,5,0,38,6
2,4,6,4,1,3,3,0,0,0,1,41,6
1,7,4,7,1,12,2,1,1,0,1,39,5
3,4,8,4,2,0,3,1,1,1,1,47,7
4,2,11,6,0,13,1,0,1,3,0,41,5
4,6,8,3,1,13,4,0,0,5,0,38,2
4,6,6,3,0,13,0,0,1,0,0,43,4
4,7,16,3,0,4,4,2,1,2,3,48,4
3,3,12,4,1,5,4,1,1,0,0,41,4
4,7,9,1,1,4,1,0,0,0,3,38,5
3,7,6,4,1,2,4,0,1,2,3,40,1
4,2,14,4,0,13,1,0,1,1,0,43,3
2,2,7,3,2,9,2,1,0,6,6,39,1
3,5,6,0,2,13,3,0,0,5,4,44,4
3,7,8,4,0,13,2,0,1,5,0,40,5
2,6,10,2,0,10,2,0,0,0,1,38,2
3,7,8,4,0,8,5,0,0,3,0,41,8
5,7,3,3,0,9,3,1,1,4,0,45,0
5,7,9,1,3,4,2,0,0,5,0,41,2
6,5,12,6,0,13,3,0,1,0,0,41,5
4,5,10,2,0,11,0,0,0,0,0,41,7
3,7,10,3,1,13,4,0,1,5,3,38,8
3,6,9,2,0,13,2,0,0,3,1,40,0
2,7,14,1,3,13,3,0,1,5,2,34,7
4,7,9,6,0,13,3,0,0,2,0,45,8
3,3,11,3,0,3,2,0,0,0,0,36,6
2,1,6,2,1,6,3,1,0,5,2,42,0
2,4,7,4,0,13,3,1,0,0,1,39,8
4,0,8,1,1,13,3,0,0,0,1,37,8
1,7,10,6,0,12,3,0,1,3,2,41,10
4,7,12,0,1,0,3,2,1,4,3,50,9
6,7,11,1,1,4,2,1,0,2,1,42,3
4,4,8,8,1,5,3,0,1,0,0,44,3
4,7,11,1,1,13,4,1,1,5,1,40,5
5,0,6,0,0,13,1,0,0,0,0,43,2
2,7,9,5,0,12,3,0,0,2,0,38,5
2,2,12,1,3,9,2,0,1,4,3,43,12
2,0,9,4,3,7,0,0,0,6,0,46,8
4,4,8,4,1,13,2,1,1,5,2,43,2
5,1,8,7,1,13,3,0,1,5,0,43,5
5,7,11,4,0,1,3,1,0,0,1,41,0
2,7,7,3,1,3,4,0,0,5,1,38,4
3,2,9,6,2,4,3,2,1,5,5,38,3
3,5,9,3,0,7,1,0,1,0,0,40,0
2,5,4,7,0,13,1,0,1,0,3,44,4
3,4,7,2,0,13,2,1,0,0,2,48,2
3,4,7,2,0,13,2,0,1,0,0,43,1
2,7,14,6,1,9,2,0,0,5,1,51,3
3,5,14,3,1,11,3,2,0,5,1,40,5
3,7,9,4,0,3,1,1,1,0,2,35,5
3,7,10,6,0,4,2,0,1,0,1,44,5
5,6,8,3,1,0,3,1,0,4,2,38,0
3,6,7,1,0,10,3,1,0,4,0,44,8
3,3,13,3,0,8,4,0,1,1,3,38,3
5,6,11,5,0,10,2,0,1,0,0,44,4
2,7,9,3,0,13,3,2,1,4,3,40,9
3,7,11,2,1,5,3,3,1,5,1,39,0
2,7,8,6,1,13,3,1,1,3,2,44,11
3,4,12,1,1,9,2,0,1,3,0,38,4
3,4,5,3,1,0,2,0,0,2,0,37,11
3,3,12,3,1,10,2,0,0,3,3,40,7
3,7,3,4,0,4,2,0,1,4,0,41,10
3,7,9,3,1,6,2,2,1,3,1,31,7
2,7,12,5,0,13,1,1,1,3,0,37,2
2,7,9,4,0,7,2,2,1,5,0,45,0
4,7,7,4,2,10,4,1,1,4,1,33,7
3,7,9,3,0,11,3,2,0,3,2,41,8
4,7,12,7,0,13,2,0,1,0,2,40,6
6,4,5,5,0,6,1,0,1,0,1,43,2
4,7,10,7,0,5,3,0,0,0,0,42,9
3,7,7,4,0,13,5,0,1,5,2,38,1
2,5,4,2,0,13,2,1,1,5,0,38,6
3,4,6,3,2,13,4,0,1,0,1,42,5
3,7,13,1,3,6,2,0,1,0,2,41,7
2,1,10,1,0,12,2,1,1,0,1,37,5
4,4,9,6,0,13,2,1,1,2,0,41,9
4,7,7,2,3,10,2,1,1,4,1,34,3
3,6,10,3,0,2,1,0,1,0,1,39,9
3,7,8,0,2,9,3,0,1,5,0,37,6
5,5,10,4,0,5,3,1,1,0,0,45,1
4,7,10,4,0,8,2,1,1,4,0,38,0
3,7,8,2,2,6,1,2,1,3,1,38,2
4,4,12,4,0,8,2,0,0,0,0,42,2
3,7,7,0,0,9,4,0,1,0,3,43,6
4,5,6,3,0,13,1,2,0,3,2,38,0
5,7,11,6,1,5,3,1,1,5,2,45,5
3,0,14,0,2,5,3,0,1,4,0,40,3
3,7,11,4,0,4,3,0,1,3,0,41,4
3,7,14,5,1,13,4,0,1,0,3,36,0
3,7,7,6,0,11,2,1,1,0,0,37,9
4,2,9,3,0,11,3,0,0,0,2,32,5
4,6,12,6,2,6,3,2,1,0,6,44,4
4,0,8,4,1,7,3,0,1,3,0,35,3
2,7,8,8,1,10,4,0,1,5,2,43,0
4,7,5,2,3,13,4,0,1,4,2,39,10
5,7,5,1,0,7,4,0,0,3,0,44,1
5,7,12,6,1,0,4,1,1,4,0,40,5
4,7,9,0,0,7,2,0,1,0,0,40,1
3,3,7,3,0,13,2,1,1,0,1,37,5
3,3,11,4,1,13,1,1,0,5,0,40,3
3,7,7,4,0,0,4,0,1,2,0,38,3
4,7,9,4,2,13,2,0,1,0,3,44,0
3,7,7,5,2,2,1,0,1,4,0,45,11
4,7,5,4,0,13,1,2,1,4,3,42,3
3,0,9,6,1,4,3,1,0,5,3,41,3
4,1,9,4,3,13,3,0,0,0,2,39,5
3,7,8,4,0,8,3,2,1,2,0,41,0
3,7,4,4,0,13,2,0,1,4,5,40,2
4,6,10,5,2,1,3,2,1,1,0,41,10
4,7,8,3,1,11,4,1,1,5,0,42,1
3,7,4,2,1,3,2,0,1,0,0,40,1
2,5,4,3,1,13,2,1,1,4,0,39,12
3,4,7,5,0,2,3,1,0,2,0,44,6
4,2,8,3,0,12,2,1,0,0,3,44,4
3,1,7,3,1,1,4,1,1,3,3,33,5
3,7,5,0,1,8,4,1,0,4,6,36,4
3,7,10,3,1,6,3,0,0,3,2,35,4
3,7,11,5,0,4,2,2,0,0,4,37,0
2,0,6,1,2,5,3,0,0,5,4,27,2
5,3,11,8,0,13,2,0,1,0,0,43,9
3,6,8,1,1,1,2,0,1,1,0,44,2
3,5,6,7,0,8,3,1,1,0,0,41,0
4,7,9,3,1,5,4,0,1,3,2,37,1
4,1,9,3,1,6,2,0,1,5,3,45,0
3,1,10,2,0,13,4,0,0,0,0,38,9
3,1,10,3,1,13,2,2,1,1,4,38,2
2,7,8,4,0,13,1,0,0,0,0,36,5
3,4,11,3,0,10,2,3,1,0,0,37,7
3,7,11,0,1,5,1,1,1,3,0,40,8
3,6,5,4,0,4,3,0,1,0,0,42,7
3,7,11,3,0,13,2,2,1,4,0,43,0
4,7,8,4,0,13,2,1,0,4,2,41,0
5,7,9,5,0,7,2,1,1,0,2,48,0
3,7,11,6,1,9,2,1,0,4,0,40,6
5,7,7,7,0,7,2,1,0,0,0,43,2
2,5,10,4,1,4,3,0,1,1,0,45,1
4,7,10,2,2,0,1,0,0,3,0,38,5
4,7,6,7,0,13,3,0,1,4,0,39,1
6,7,7,3,1,12,1,1,1,4,0,40,4
1,4,13,7,0,11,4,1,0,5,0,45,4
4,3,12,5,0,4,2,0,1,2,2,38,3
2,7,10,0,1,5,1,0,1,0,0,43,4
2,0,8,5,1,10,4,0,1,5,0,36,8
2,5,10,3,0,6,2,0,1,2,0,37,1
3,0,7,4,1,13,1,2,0,0,2,36,8
4,7,10,3,0,0,4,0,0,1,3,41,4
5,7,10,2,2,13,1,0,0,6,1,36,2
3,3,9,2,0,11,3,0,0,0,0,44,2
3,7,11,3,0,5,5,0,0,0,3,42,16
2,6,9,4,0,11,2,0,1,0,5,40,7
2,1,10,2,1,10,2,0,0,3,0,42,5
4,6,7,4,2,0,4,1,1,1,0,35,3
3,7,10,3,0,12,2,0,0,4,3,40,0
3,3,11,6,0,6,2,1,0,3,2,34,2
2,4,11,5,1,4,4,0,1,5,0,42,5
4,7,5,6,0,6,4,1,1,0,1,37,10
4,1,10,4,0,6,1,0,0,0,1,43,4
3,0,10,3,2,12,4,0,1,4,5,42,3
3,7,12,1,1,11,2,0,1,4,0,42,0
3,7,9,4,0,6,2,1,1,3,0,38,6
3,7,7,4,0,5,4,0,0,4,4,42,3
1,7,5,1,2,3,4,0,1,4,1,38,8
1,7,7,6,2,7,2,2,1,4,1,36,5
2,7,7,4,0,11,4,2,1,5,0,39,8
4,4,7,0,0,11,3,3,0,0,0,37,0
5,4,8,3,0,13,2,0,1,0,0,39,11
3,3,13,6,0,9,2,1,0,2,4,35,5
4,7,13,1,0,7,2,2,0,0,3,38,6
3,6,11,1,0,7,3,0,1,3,2,40,0
3,7,8,6,0,12,2,0,1,3,0,45,1
1,7,5,4,1,7,2,0,1,6,0,33,1
3,7,11,0,0,9,4,0,1,3,5,43,5
4,5,12,4,0,5,5,0,1,5,3,38,1
5,5,6,2,0,4,4,1,0,2,0,40,2
5,7,7,1,0,13,4,0,1,0,0,41,1
3,7,9,3,0,10,0,1,0,0,2,44,6
5,4,8,4,0,2,1,0,1,5,0,41,6
2,2,9,5,0,3,3,1,0,3,3,39,5
5,4,9,2,2,4,3,2,1,3,0,44,8
4,7,8,1,0,13,2,1,1,0,1,44,2
3,7,6,3,0,13,2,1,0,4,1,36,6
3,6,6,4,0,10,1,0,0,3,4,49,5
2,0,7,2,1,6,5,0,1,4,3,39,3
2,4,9,5,2,12,3,0,1,4,1,36,3
3,4,11,4,0,5,1,1,1,2,3,39,4
4,0,10,4,0,13,0,0,1,0,1,41,2
6,4,7,4,0,8,2,3,1,3,2,34,5
4,7,5,6,1,7,1,0,1,4,2,43,0
3,0,8,4,0,13,3,0,1,2,0,36,3
2,3,10,4,0,13,1,0,1,0,1,41,5
6,7,10,4,0,5,2,0,1,2,2,44,1
3,3,11,4,1,1,4,1,0,4,0,39,3
5,5,6,1,0,8,2,1,1,3,4,43,5
5,7,11,1,1,6,2,3,1,3,0,47,0
4,7,7,3,0,6,2,1,1,0,0,43,0
5,7,12,6,0,9,2,2,1,2,4,44,4
3,7,11,3,2,6,3,1,1,5,4,39,3
1,1,9,0,0,6,2,1,0,3,3,40,3
4,6,11,5,0,13,1,0,1,0,0,46,9
3,7,4,5,0,8,3,0,1,0,4,47,0
3,3,5,2,0,13,2,0,0,3,0,38,5
3,2,9,1,0,13,0,0,1,0,0,39,0
5,4,10,5,0,11,3,1,1,0,2,44,6
3,7,8,1,1,5,2,0,1,4,0,39,3
4,5,8,4,1,4,2,0,1,4,1,42,0
2,7,7,0,1,3,2,0,1,0,0,40,5
4,3,8,4,0,10,1,1,0,0,0,34,10
2,7,14,2,0,8,1,0,1,0,1,42,1
3,7,5,4,0,7,1,0,0,0,3,45,0
3,7,11,7,2,13,3,1,1,6,0,40,3
3,3,8,6,0,4,3,1,0,0,2,42,6
1,7,9,3,1,13,2,0,1,6,3,38,3
2,6,14,5,0,11,2,0,0,1,0,43,1
2,7,8,1,0,9,1,1,0,0,0,40,0
3,6,9,6,0,10,5,0,0,3,3,47,8
4,7,12,6,0,6,3,3,1,5,2,40,2
3,7,13,6,0,8,2,0,1,0,0,44,1
3,6,7,2,1,13,4,1,1,0,0,42,3
3,4,8,5,2,8,3,0,0,3,1,36,10
4,7,10,6,0,9,2,0,1,5,0,42,1
3,6,14,2,2,3,1,1,1,4,3,35,5
5,0,12,1,0,13,2,0,1,0,7,41,6
4,6,7,2,2,13,3,0,1,0,2,36,1
5,7,9,4,0,7,1,0,0,0,0,40,0
3,2,8,7,2,5,3,1,1,0,0,39,5
4,7,6,2,0,6,3,1,1,0,0,36,1
4,0,10,6,2,13,2,0,1,3,0,38,8
4,6,11,4,0,13,4,2,1,0,0,43,1
6,7,7,6,3,13,2,1,1,5,3,36,3
6,7,8,8,1,13,2,0,1,0,1,45,3
5,7,10,0,0,13,4,0,1,0,0,40,6
5,7,9,6,1,11,3,2,0,0,3,48,0
2,7,14,4,1,7,2,1,1,6,0,47,0
4,7,11,3,0,12,3,0,1,3,0,44,4
1,4,5,5,0,3,4,2,1,2,0,38,0
4,3,6,3,0,3,2,0,0,2,0,39,0
3,7,8,3,0,10,1,0,0,0,0,42,1
4,4,8,6,0,13,1,0,0,3,4,43,5
3,2,10,1,1,7,3,1,1,0,2,38,0
4,7,6,4,0,1,1,0,1,3,0,36,11
4,3,7,4,1,13,2,0,1,3,1,41,7
5,4,8,3,0,13,2,2,1,3,0,45,2
3,7,12,4,0,3,4,0,0,0,3,36,0
3,7,8,5,1,4,2,0,0,4,1,44,5
3,4,7,2,0,13,1,2,1,4,1,45,0
3,7,6,2,1,12,4,0,1,0,3,38,1
2,4,7,3,1,13,3,3,1,6,2,37,0
4,3,9,4,0,9,2,0,1,1,3,43,7
3,0,9,2,1,11,2,1,0,1,2,42,10
4,2,10,2,0,13,2,0,1,2,3,43,2
4,0,10,7,1,4,2,0,0,5,0,37,1
5,7,7,6,1,7,2,0,1,5,0,46,3
3,4,6,3,1,2,3,0,1,2,1,48,1
2,4,9,3,0,13,2,1,1,0,1,36,2
2,2,9,5,2,7,3,2,0,0,4,40,1
3,7,15,5,1,5,1,3,1,3,1,39,5
3,0,9,2,1,7,2,2,1,3,1,42,3
4,7,9,0,1,7,1,1,0,0,0,46,3
3,7,10,3,0,3,3,0,1,2,0,43,0
3,3,4,3,2,11,2,0,1,0,0,46,8
1,5,9,0,1,3,2,0,1,3,6,32,2
5,5,7,2,0,10,3,1,1,3,1,43,3
1,7,9,0,0,10,1,1,0,3,0,41,1
5,7,9,1,1,5,2,0,0,5,2,42,1
3,6,5,3,0,13,3,0,0,0,1,43,2
2,7,9,1,1,13,3,1,1,6,1,46,2
3,3,12,1,0,9,2,1,1,0,2,42,11
1,6,8,5,1,7,2,1,1,3,0,38,0
3,5,13,6,1,13,2,2,1,3,0,43,2
4,7,5,7,2,5,3,0,1,4,2,39,5
3,7,4,5,1,10,3,1,1,5,5,38,1
3,7,12,6,0,13,0,0,1,0,0,46,6
2,7,11,5,2,13,3,0,1,4,2,42,3
2,2,8,2,2,0,3,0,0,3,2,37,5
4,4,11,1,0,4,2,0,1,1,0,43,3
2,7,6,5,0,3,4,0,1,0,5,39,0
5,7,10,3,0,7,2,1,1,3,1,38,4
2,3,12,5,0,13,2,1,1,4,0,45,0
2,5,5,2,1,9,2,1,1,6,1,46,4
4,7,8,2,3,13,2,0,1,4,0,44,3
3,5,7,4,2,5,2,0,1,3,4,39,9
3,7,6,4,0,5,1,0,0,2,1,41,5
3,4,9,2,2,5,3,2,1,3,0,44,5
4,7,8,4,1,13,2,2,0,6,1,39,0
2,0,7,2,0,6,2,0,1,4,2,39,8
5,0,9,3,3,5,4,0,1,0,0,42,3
2,2,6,4,1,13,2,0,1,4,3,41,10
5,2,12,4,0,8,2,2,1,3,0,43,0
2,5,6,5,3,3,2,0,0,5,3,41,5
3,7,10,5,0,13,3,2,1,0,0,48,4
2,3,11,7,0,13,0,0,1,3,0,41,11
4,7,10,5,1,5,4,2,1,4,3,43,5
5,7,9,5,0,13,2,0,0,3,0,40,6
4,0,9,7,0,3,3,0,0,0,2,43,4
2,3,8,3,0,13,1,0,1,5,0,41,1
5,7,3,4,0,13,2,0,0,0,3,47,5
4,4,7,8,0,13,1,0,0,0,3,36,5
3,7,9,2,1,12,1,1,0,5,3,36,5
3,7,12,2,3,0,2,0,1,3,0,33,2
4,7,7,2,0,13,2,2,0,3,2,42,8
3,3,6,6,3,13,2,0,1,3,0,37,5
2,7,7,2,0,13,2,0,0,0,0,44,3
3,7,9,6,0,10,2,0,0,0,0,33,5
5,0,11,3,0,13,3,0,1,0,2,41,5
2,1,9,2,0,7,2,0,0,2,0,40,7
2,7,9,4,2,2,2,1,0,1,0,37,2
3,4,7,3,1,13,2,2,0,0,2,38,0
4,7,5,5,2,12,1,0,0,5,1,37,2
5,7,10,4,0,5,3,0,1,0,0,41,5
2,7,8,5,1,13,3,0,1,4,0,39,5
3,7,9,5,0,3,4,2,0,2,1,39,1
3,7,13,4,1,9,1,0,1,5,0,42,5
1,5,13,3,0,5,2,1,1,2,0,42,1
2,4,5,3,2,13,2,0,0,0,0,42,4
1,5,6,7,0,8,2,1,1,1,0,36,0
3,7,10,6,2,11,2,1,1,4,0,40,7
2,7,9,2,1,13,2,2,0,4,0,35,2
4,7,12,4,1,1,1,1,1,0,2,33,0
1,0,10,4,1,12,3,1,1,1,4,36,10
3,0,6,5,0,13,1,2,0,2,0,40,6
4,4,10,4,1,11,3,0,0,0,5,42,0
3,6,9,7,0,5,1,0,1,0,4,37,9
6,6,15,4,2,5,2,1,1,4,5,40,7
4,3,8,2,1,12,3,1,0,5,3,39,7
3,7,10,5,2,13,1,1,1,4,3,51,4
6,7,9,2,0,12,1,1,0,3,0,47,2
4,3,10,5,0,11,2,2,1,1,0,39,6
3,7,7,3,1,13,4,1,0,6,0,45,1
2,7,8,3,0,13,2,0,0,0,0,46,0
4,3,7,1,1,11,2,0,1,3,0,39,0
2,5,5,4,0,13,3,0,1,5,5,39,6
3,2,9,3,1,13,2,0,0,2,3,36,8
3,1,12,4,0,9,1,1,0,0,3,41,1
3,7,9,3,0,13,3,0,1,0,1,40,0
3,7,12,3,3,13,2,0,0,5,5,40,7
4,0,9,3,3,12,3,0,0,3,1,37,4
3,6,13,4,1,8,3,1,1,5,1,39,5
2,7,10,5,1,9,2,2,0,4,0,45,5
3,1,9,5,0,13,2,1,0,0,2,37,15
3,5,8,4,0,5,2,2,1,0,0,42,3
2,7,8,4,0,1,1,1,1,0,0,42,9
3,7,12,4,1,13,3,1,0,5,2,40,4
3,3,6,3,0,6,3,0,0,0,1,44,1
1,7,9,5,2,7,2,0,1,5,0,40,8
5,7,10,0,0,13,3,2,0,4,1,41,5
3,7,9,2,1,7,3,1,0,5,5,42,5
4,0,10,5,0,7,3,2,0,3,2,47,7
5,3,9,3,1,13,0,2,0,0,1,37,2
5,7,8,5,1,4,2,2,0,3,0,41,3
3,0,7,5,0,13,3,1,0,0,3,35,6
3,2,13,5,0,13,2,0,1,2,0,40,2
6,2,11,4,1,9,1,0,0,7,6,36,5
1,1,9,2,1,13,1,0,1,5,3,42,4
2,7,6,5,1,13,3,1,1,4,3,35,3
2,5,7,5,1,13,2,1,0,4,2,38,12
5,3,10,4,1,13,1,0,0,3,0,36,5
2,7,8,3,1,13,3,0,0,5,2,35,3
3,0,9,8,0,5,3,1,1,0,0,41,1
3,7,8,5,0,13,2,1,1,3,1,45,5
3,5,9,2,0,13,3,0,1,0,2,44,0
3,7,12,3,1,7,1,1,1,4,0,43,0
3,7,8,2,0,7,3,0,1,4,2,42,6
2,6,10,5,1,10,2,2,1,4,1,42,5
3,2,5,2,0,11,1,2,1,0,3,41,2
5,7,5,2,0,13,2,0,0,0,0,44,0
3,6,6,3,0,5,1,0,0,0,3,42,7
2,3,11,3,0,9,2,2,0,0,4,47,11
5,4,13,2,0,0,2,0,0,0,0,37,0
3,6,10,5,2,13,2,1,1,5,4,44,3
3,7,13,2,2,2,4,0,1,3,0,43,1
4,4,9,2,1,13,4,0,1,3,0,40,5
3,2,15,5,0,5,2,0,1,0,3,41,6
2,2,11,3,0,13,3,0,1,1,2,35,2
3,7,9,4,1,8,3,1,1,4,4,43,7
5,7,7,7,2,5,3,3,0,0,4,44,2
3,2,11,5,1,4,3,0,1,0,0,37,6
4,2,10,5,0,13,0,0,1,0,0,44,6
4,6,7,4,0,5,3,0,1,3,5,43,3
3,7,9,3,0,13,3,1,0,4,0,45,2
2,7,10,4,0,9,2,2,0,3,0,39,9
5,7,12,6,3,6,3,1,0,6,0,36,2
6,0,7,2,1,12,0,2,0,4,2,44,6
3,5,11,3,2,13,2,1,1,0,0,39,0
3,6,11,4,0,13,4,1,1,0,1,47,4
3,7,3,6,0,4,2,1,0,0,2,47,2
3,4,8,6,0,6,1,2,0,3,3,45,0
4,7,9,4,0,5,0,1,0,1,4,41,4
3,4,12,2,0,13,0,0,1,0,0,36,3
4,7,10,1,2,13,1,0,0,6,2,40,0
3,1,11,4,2,11,2,0,1,6,0,41,8
4,6,10,6,1,13,0,1,0,0,0,35,6
4,7,8,2,0,7,2,0,0,0,2,40,9
4,0,11,6,2,5,3,0,0,0,2,42,2
3,2,12,2,1,4,4,0,1,0,2,36,11
3,4,12,3,1,13,2,1,1,0,0,41,0
3,4,10,3,1,6,3,0,1,0,1,51,5
4,5,12,6,2,9,4,2,1,0,2,48,1
2,7,13,3,1,1,4,0,1,4,0,39,0
2,2,10,4,0,3,4,0,0,3,1,42,4
3,3,13,6,2,6,3,1,0,0,4,42,3
3,6,9,2,0,13,5,2,1,4,2,41,11
3,7,9,4,1,5,4,2,0,2,1,39,1
3,3,6,0,0,13,3,1,1,3,0,35,6
4,1,5,5,2,12,2,1,0,4,1,45,3
4,3,13,4,0,4,4,0,1,0,0,37,8
5,7,11,1,1,1,2,0,0,2,0,41,6
4,7,7,6,0,13,2,4,1,0,0,44,10
4,1,5,0,0,13,2,1,1,0,2,42,0
2,3,10,4,0,10,3,2,0,1,2,40,12
4,0,6,5,1,13,2,0,0,3,0,51,8
3,7,11,4,1,9,2,1,0,5,1,43,6
3,3,10,7,0,4,3,1,1,0,0,41,9
1,7,8,6,0,13,3,2,0,5,1,40,5
3,5,8,5,0,13,1,1,0,3,3,47,12
3,7,13,4,2,10,3,2,1,3,2,44,5
3,4,9,2,0,9,3,1,1,0,0,42,4
3,7,8,5,2,1,2,0,0,4,4,42,8
3,7,10,3,0,5,4,0,0,4,4,43,5
5,4,9,7,0,6,1,0,1,3,0,46,6
3,3,11,2,1,7,3,0,1,0,1,43,0
6,4,10,6,0,10,2,0,1,0,0,41,7
3,7,10,2,0,5,3,1,1,1,0,37,0
3,4,11,6,1,11,3,0,1,5,2,45,8
4,7,11,2,1,2,1,0,1,0,3,46,10
4,7,6,0,1,6,2,0,1,0,0,41,0
4,7,11,4,0,9,1,0,1,3,3,46,1
3,6,9,4,2,5,3,1,1,4,2,46,2
3,7,11,5,0,8,2,0,0,4,0,37,0
3,7,9,6,0,2,2,0,0,2,2,40,7
3,7,7,4,0,0,1,1,1,0,0,43,5
4,2,6,8,0,9,1,0,0,0,0,39,8
4,7,11,5,0,11,1,2,0,3,1,43,6
3,6,8,1,3,13,3,1,1,3,0,44,3
4,7,9,5,0,1,2,0,1,0,2,36,1
5,3,9,3,1,7,0,1,1,5,0,43,9
5,6,9,4,2,4,3,2,0,3,2,40,9
2,7,8,6,0,9,2,2,0,0,0,40,7
3,3,10,2,0,3,2,1,1,0,2,44,6
5,7,8,4,1,3,1,2,1,0,0,36,1
1,7,7,1,2,13,4,0,0,6,0,42,4
3,6,7,4,2,4,2,1,1,4,0,36,9
5,5,13,6,0,9,3,1,1,3,3,34,7
2,2,10,1,1,13,4,1,0,4,0,42,4
3,7,7,6,1,7,2,0,1,3,0,37,2
4,1,9,5,0,12,3,0,0,3,1,45,11
2,5,9,0,0,8,3,0,1,0,0,41,5
3,2,10,2,1,8,2,1,1,3,1,35,6
5,6,9,7,0,7,3,0,0,2,1,43,6
4,7,11,6,0,7,1,0,1,0,3,38,1
4,5,8,3,1,3,1,1,0,3,1,35,0
5,7,5,6,1,7,0,0,1,5,1,40,3
4,6,7,2,2,6,4,1,1,4,0,36,11
4,6,7,4,1,2,2,1,1,3,1,41,2
3,7,9,3,0,13,2,2,0,4,1,45,1
4,7,5,4,1,4,3,3,1,0,4,40,5
4,0,6,3,0,4,3,1,0,0,1,42,4
2,3,7,4,0,13,1,2,1,3,1,41,4
5,2,9,4,0,9,2,2,0,0,0,48,3
4,7,8,3,0,13,2,0,1,4,4,41,6
3,6,8,1,2,11,2,1,0,5,2,40,5
4,2,7,5,1,12,4,0,0,3,0,41,0
4,7,6,5,2,9,3,2,0,3,0,34,2
4,7,12,4,0,4,4,2,1,4,0,36,2
3,4,7,5,0,9,3,0,1,3,3,39,2
4,7,9,2,0,13,4,0,1,0,0,43,4
4,7,6,7,0,5,2,1,1,0,0,42,3
5,7,9,4,1,4,3,1,1,2,0,36,11
3,4,7,4,0,9,2,2,1,0,1,45,0
5,7,7,4,0,7,2,1,1,4,1,43,5
4,7,5,0,0,13,3,1,1,0,2,42,7
3,2,8,3,1,13,1,0,0,3,1,36,2
3,7,12,5,0,2,2,3,1,0,0,42,0
4,7,11,2,0,13,1,1,0,0,1,37,7
2,5,10,0,1,4,3,1,1,0,0,42,7
4,7,9,5,1,3,3,0,0,3,0,43,9
4,7,11,5,0,5,1,1,1,3,2,36,0
3,7,7,5,0,12,3,0,1,0,0,47,3
3,7,8,5,1,4,2,0,1,3,1,37,8
4,3,8,3,0,3,4,2,1,1,0,33,0
3,7,10,4,1,3,2,1,1,2,1,37,3
3,7,5,5,0,7,2,2,0,4,1,43,10
3,7,9,5,0,4,2,2,0,1,3,44,13
2,7,14,4,0,13,2,0,0,0,0,41,2
6,7,9,0,1,13,1,0,1,6,2,42,11
2,7,8,3,1,8,3,0,0,5,1,39,5
4,6,15,7,1,13,1,2,0,4,0,47,3
4,5,8,2,0,13,2,1,1,3,2,41,0
4,7,9,4,0,11,4,0,0,1,4,43,4
3,0,10,2,2,8,4,2,1,4,1,40,11
3,7,14,6,0,12,4,0,1,1,2,43,5
3,7,9,5,1,9,4,0,0,4,0,37,9
5,7,10,5,4,13,4,3,1,4,0,36,8
4,3,13,5,0,8,3,1,0,0,1,43,1
3,7,11,4,0,5,4,0,0,3,0,36,12
5,6,9,4,1,5,5,2,1,0,0,35,10
2,1,12,5,0,4,3,0,1,2,0,39,6
3,1,7,4,0,5,4,1,0,0,1,44,12
3,3,10,4,2,13,4,1,1,3,0,42,8
5,6,12,3,1,11,1,0,1,0,2,51,7
4,7,8,5,0,3,2,0,1,3,2,36,10
3,0,10,5,0,7,3,0,0,4,2,38,9
2,7,7,5,0,10,2,0,0,3,0,39,6
5,7,7,5,0,13,3,0,0,0,0,41,9
3,6,6,3,1,12,4,0,1,4,2,42,5
4,7,6,5,1,13,0,2,1,6,2,39,2
3,7,8,6,1,5,2,0,1,3,0,44,3
3,0,7,1,0,2,4,1,1,5,0,44,7
4,5,11,5,2,10,4,1,0,3,1,39,9
3,3,9,6,0,0,3,1,0,0,0,39,7
3,5,11,4,2,13,3,0,0,0,2,40,0
2,3,14,0,2,5,2,0,0,5,3,39,1
2,4,9,1,1,6,2,2,0,4,2,38,4
5,3,9,6,2,12,2,1,0,3,2,41,6
4,7,10,6,2,3,2,2,1,3,2,39,4
3,7,6,4,0,11,2,3,0,4,3,45,0
5,4,8,5,0,8,3,1,0,3,0,44,4
4,7,9,3,1,12,1,0,0,4,2,45,11
4,3,11,2,1,7,4,1,0,6,0,40,0
5,7,8,4,0,6,3,1,0,0,0,40,3
5,7,11,7,0,13,0,0,1,0,0,47,1
3,7,6,5,0,12,3,0,0,3,1,38,1
3,5,9,5,0,7,3,0,0,1,3,42,5
3,3,9,3,0,11,1,0,0,3,2,45,0
6,7,12,2,0,13,1,3,0,0,0,34,5
5,7,9,6,0,8,1,1,1,4,0,39,0
4,3,11,1,0,4,3,1,1,2,0,40,6
3,4,4,6,2,11,3,1,1,0,2,41,6
2,7,7,4,0,4,2,0,0,0,0,42,5
5,0,10,4,1,4,1,1,0,6,2,37,2
4,7,7,4,1,11,0,3,1,5,0,38,8
3,5,13,3,0,13,1,1,1,3,2,38,5
4,6,10,3,0,0,0,0,1,2,0,36,7
3,6,11,1,2,9,3,1,1,3,0,38,3
5,7,7,5,2,13,1,0,1,4,0,39,9
5,7,10,2,0,13,1,2,1,3,1,45,7
4,7,11,3,1,8,1,0,0,5,0,39,2
3,7,9,2,4,13,1,1,1,7,1,45,2
4,1,10,1,3,7,2,1,0,4,2,38,4
4,0,5,4,1,5,2,1,1,3,2,38,3
3,7,10,3,0,10,4,0,0,4,0,31,1
3,5,10,6,2,3,1,0,1,5,0,39,9
5,7,8,5,0,7,1,0,1,0,5,43,0
4,1,11,6,1,13,3,0,1,2,1,40,6
2,7,7,6,1,9,2,1,1,4,0,34,8
3,7,12,3,0,13,3,0,1,3,0,44,3
5,5,6,2,0,5,2,0,1,1,1,31,0
4,2,10,1,0,12,3,1,1,2,4,37,4
3,7,7,6,1,13,2,2,1,5,0,40,5
3,7,10,4,0,5,2,0,1,4,1,41,2
5,5,13,3,1,13,1,0,0,0,2,44,2
3,6,8,4,0,12,2,1,0,0,5,39,2
1,7,9,4,1,1,0,0,1,5,4,34,3
4,7,12,1,0,13,3,0,1,0,5,38,3
6,7,9,5,0,6,2,2,1,4,0,44,3
4,7,8,6,1,8,4,0,0,3,3,34,8
2,7,9,0,0,13,2,0,1,5,2,44,4
1,7,6,2,0,9,2,1,1,5,0,47,8
5,6,11,0,2,1,3,1,1,3,2,41,11
5,0,11,4,0,13,3,0,1,1,0,38,3
3,1,5,3,2,11,4,1,0,4,2,39,8
3,7,10,4,0,9,2,1,0,1,1,42,0
4,1,10,5,3,4,3,2,1,0,0,42,4
2,7,8,5,0,10,3,2,1,4,4,37,3
2,4,4,1,2,7,2,3,0,5,3,45,8
3,4,13,3,0,7,2,0,0,0,0,40,5
2,7,8,5,0,13,2,0,0,0,2,41,10
3,7,7,4,0,13,2,0,0,2,5,43,4
5,7,9,6,1,5,4,4,1,0,2,39,1
3,7,11,1,1,13,1,0,1,4,0,38,3
4,4,10,6,0,1,3,0,1,4,0,51,5
3,7,6,4,1,13,2,2,0,4,2,35,4
1,7,11,2,0,10,2,0,1,3,3,40,1
3,7,9,5,1,12,4,1,1,3,1,40,12
3,7,9,6,0,13,0,0,0,3,0,41,5
4,2,7,4,0,9,2,0,0,1,0,44,6
5,7,4,3,1,13,3,1,1,6,2,44,3
3,1,8,3,1,0,2,0,0,0,0,37,10
3,7,6,5,0,10,2,1,0,1,0,38,10
4,7,10,6,2,13,4,0,1,0,3,40,0
3,4,8,5,2,5,3,0,0,3,0,37,3
4,4,7,3,0,1,4,0,1,1,1,33,8
2,0,12,3,0,4,3,0,1,5,2,47,0
4,7,6,5,0,5,3,3,1,3,5,39,2
6,5,11,5,3,11,1,0,1,4,1,38,7
4,5,10,7,0,13,2,1,1,1,6,40,6
2,2,13,5,0,10,4,1,0,3,3,40,3
4,3,7,5,3,8,3,1,1,3,2,38,4
3,0,11,5,2,8,3,1,1,4,0,39,6
4,3,8,2,0,5,2,1,1,0,4,41,7
4,4,8,4,0,13,2,2,0,0,0,36,0
4,7,10,4,1,6,0,1,1,3,3,39,11
4,1,10,3,0,4,2,1,1,2,3,42,0
2,0,8,2,2,9,2,0,1,4,0,42,6
3,7,7,7,1,13,1,0,1,3,2,43,4
5,0,10,3,1,12,3,1,0,3,1,37,1
4,7,6,6,0,10,2,0,1,0,2,45,1
6,3,8,5,1,12,2,0,1,3,1,43,4
3,0,7,3,0,3,3,0,1,0,1,43,4
4,5,6,3,1,12,1,0,1,4,0,34,5
3,7,6,4,2,8,2,1,0,5,2,42,0
3,4,9,2,0,13,3,2,1,0,1,42,0
4,5,6,4,0,6,2,0,0,1,0,34,13
4,7,14,2,1,0,1,2,1,4,1,39,1
4,2,5,3,0,3,1,0,0,0,2,42,0
4,3,8,4,2,12,2,1,0,0,0,36,2
4,0,6,3,1,6,3,0,1,4,3,43,4
4,7,8,2,1,9,2,1,0,4,1,43,4
4,5,8,2,0,10,2,1,1,3,1,39,10
4,0,10,2,1,13,4,0,1,4,0,39,0
4,7,7,2,0,8,3,0,1,3,2,41,0
4,7,4,1,1,11,2,1,0,5,2,38,0
3,7,6,5,0,11,2,0,0,0,5,44,1
4,7,8,2,0,8,2,2,1,0,0,43,1
2,5,10,4,0,10,2,2,0,2,0,37,3
1,7,10,4,1,6,2,0,1,3,0,44,0
4,7,12,3,1,9,2,1,1,4,0,34,5
4,3,8,5,0,9,4,0,1,3,4,39,3
3,7,7,6,0,12,0,2,0,0,2,37,3
5,3,8,6,0,13,1,1,0,0,0,37,2
3,7,11,5,0,6,4,0,1,0,1,46,11
2,7,11,4,0,0,3,2,1,1,1,41,3
4,7,10,5,0,8,1,2,1,3,1,35,4
3,3,9,0,0,10,2,0,1,5,0,44,5
5,7,9,2,1,13,1,0,0,4,0,49,1
3,7,8,6,1,8,1,1,1,4,1,45,6
2,4,8,2,0,7,2,0,0,2,0,39,0
3,7,8,4,1,9,4,1,0,3,0,36,5
4,7,10,2,4,13,4,0,1,4,4,39,7
5,5,7,1,0,11,2,2,0,0,2,42,0
3,3,9,3,0,7,2,2,1,0,1,40,5
3,2,7,5,1,11,2,0,1,5,0,46,7
3,7,12,5,1,9,2,2,1,5,1,43,9
2,7,10,1,1,7,2,1,0,5,0,42,8
3,4,8,3,1,0,2,1,1,0,5,41,0
4,7,11,6,0,10,2,1,1,0,4,43,1
4,7,11,5,2,13,2,0,0,4,0,40,3
5,7,8,1,0,2,2,2,1,1,2,41,0
3,7,10,2,1,12,4,1,0,4,2,37,10
4,7,7,5,0,7,2,1,0,3,0,45,0
4,6,7,2,0,6,2,1,1,0,3,42,2
3,5,12,0,1,4,3,3,1,2,1,40,3
4,7,8,3,1,13,3,3,1,6,4,39,0
3,1,11,5,2,7,3,0,0,5,0,31,8
3,7,9,3,2,3,2,0,1,3,0,43,3
3,4,12,4,0,11,3,1,1,2,4,42,7
2,6,8,1,0,7,3,0,1,5,0,44,8
3,7,9,5,0,13,5,1,0,3,0,38,1
1,7,6,5,2,11,2,1,1,4,0,46,2
2,7,12,5,1,5,2,0,1,4,0,45,0
4,1,8,5,0,13,2,1,0,5,2,41,0
4,7,4,3,1,13,4,0,0,4,0,44,1
2,7,11,5,0,3,3,1,0,2,1,44,5
4,7,10,2,1,5,2,0,0,2,2,44,1
4,7,9,3,1,8,2,1,1,3,0,38,9
3,7,11,1,1,13,3,2,1,5,0,38,5
1,7,8,3,1,12,1,1,0,5,2,44,6
4,7,9,5,2,13,1,0,0,4,2,41,6
4,7,9,6,0,10,1,0,0,0,0,38,0
2,7,5,6,0,13,1,0,0,1,1,38,8
5,6,12,4,0,11,2,0,1,3,2,44,8
3,2,8,5,1,11,2,2,0,4,1,40,6
2,7,10,2,1,7,4,0,1,4,2,40,6
2,7,10,6,0,9,2,0,1,0,3,41,6
3,7,8,1,2,13,3,0,0,0,2,40,0
4,1,11,3,0,2,3,0,1,4,0,37,5
3,1,10,4,1,13,2,0,1,3,4,44,2
3,3,6,4,0,7,1,0,1,0,4,49,6
5,5,8,7,2,12,3,2,0,3,1,46,6
3,7,9,4,2,7,3,2,1,3,4,45,6
6,7,10,3,1,5,1,0,0,4,1,39,1
2,7,11,3,2,5,2,1,1,4,0,46,7
2,0,11,2,2,4,2,0,1,5,2,37,5
5,3,13,3,0,11,4,1,1,3,2,43,13
4,1,8,2,1,13,1,0,0,1,1,42,2
3,6,7,2,2,0,2,1,1,0,2,36,6
3,7,10,6,0,0,2,1,1,0,5,34,6
4,7,6,7,0,13,2,0,1,4,0,41,3
3,7,9,3,0,7,2,1,0,0,1,38,2
2,3,4,3,0,11,1,1,1,4,3,39,4
1,4,4,6,2,6,3,1,1,4,0,46,5
3,7,8,7,0,0,3,2,0,1,3,39,0
2,3,9,3,0,12,0,0,1,0,0,39,0
3,7,8,3,0,13,0,4,0,0,4,42,0
3,5,8,6,1,13,4,1,0,3,1,43,4
4,7,6,2,2,4,1,0,1,3,2,40,4
4,7,6,3,0,13,4,1,1,3,0,44,1
3,2,12,5,1,7,2,1,1,4,4,38,3
3,7,7,2,0,9,2,0,0,0,0,37,0
2,6,10,5,0,6,2,1,1,0,2,40,5
4,7,12,4,0,1,4,1,1,0,2,37,0
3,2,8,5,1,11,2,1,1,5,1,42,6
4,3,7,3,4,13,3,0,1,0,5,40,3
3,2,8,4,2,10,2,1,1,4,1,40,3
2,7,10,4,0,13,1,0,0,0,1,42,0
5,7,8,3,0,3,2,0,1,0,1,42,12
1,7,11,6,2,12,1,1,1,4,3,36,10
4,7,11,1,0,13,3,2,0,0,0,43,1
3,7,9,6,1,8,4,0,1,5,2,40,0
5,7,9,1,2,13,3,0,0,6,2,36,0
3,1,8,3,0,13,4,0,0,0,2,35,3
3,5,12,7,1,13,2,1,1,3,2,46,10
4,4,9,3,1,11,3,0,1,3,3,40,4
3,1,8,2,2,10,5,0,0,8,3,39,6
2,5,10,2,0,13,3,1,0,4,3,40,1
3,1,10,6,2,4,3,0,1,0,2,40,8
3,7,10,2,1,8,3,2,1,5,0,40,5
4,6,7,4,1,2,4,0,1,0,0,41,0
3,7,9,2,1,7,1,0,1,5,2,41,10
4,7,8,4,0,11,4,0,1,4,3,32,5
3,0,8,7,1,13,3,1,1,4,3,41,3
2,6,6,2,0,12,4,0,0,0,0,42,2
2,7,8,5,0,7,3,1,1,4,1,39,3
3,7,9,6,2,11,2,0,1,3,2,43,10
5,3,9,3,1,11,1,0,0,4,1,45,0
4,2,8,2,0,13,4,0,0,0,4,43,3
3,1,12,3,1,12,5,0,0,3,2,44,6
5,1,7,5,0,2,0,0,1,3,0,42,3
2,7,10,3,0,13,3,2,1,5,1,42,0
3,7,8,4,1,3,3,0,1,2,2,40,0
4,0,13,0,1,11,2,1,0,0,0,35,10
4,5,4,6,3,7,3,0,1,5,3,42,1
3,7,8,4,1,7,2,3,0,5,1,39,2
2,7,10,7,2,0,2,3,0,4,0,37,3
5,7,8,6,2,12,4,1,0,5,0,41,2
2,7,7,3,1,11,0,0,1,5,3,40,8
3,2,9,4,0,13,2,0,1,1,1,39,3
2,7,11,2,0,13,2,3,1,0,0,38,3
3,6,12,5,1,1,4,0,1,0,2,39,1
4,0,12,8,2,4,3,1,1,0,1,47,0
4,3,10,3,3,12,3,0,1,5,0,43,2
4,5,9,3,0,0,4,0,1,3,3,42,0
3,5,15,9,4,10,2,0,0,6,0,46,4
3,0,9,5,0,12,4,1,0,5,1,44,2
5,0,6,1,0,9,3,0,1,4,0,43,0
4,7,6,4,0,8,2,0,0,0,1,45,9
3,7,6,6,0,10,1,0,0,0,1,44,2
2,1,11,4,1,12,2,3,0,3,0,41,3
4,7,7,5,0,9,2,0,1,0,2,45,1
4,4,8,6,0,8,2,1,1,3,2,46,0
3,5,9,4,2,13,1,2,1,4,3,39,4
3,3,12,4,1,12,2,0,1,3,0,41,6
4,7,8,2,0,1,1,1,0,3,0,45,9
3,7,7,3,0,8,2,0,1,4,0,41,4
4,7,8,5,4,6,1,2,1,6,5,44,1
5,0,11,3,0,4,2,0,0,3,4,42,8
3,7,5,4,2,8,3,0,1,6,2,45,8
4,7,5,4,0,7,3,1,0,0,2,45,0
5,3,7,5,3,13,2,1,0,5,0,39,4
3,6,11,5,0,1,3,1,0,0,2,43,5
4,5,10,4,0,12,2,1,0,3,3,34,4
3,4,5,1,0,13,2,2,1,0,4,39,3
3,5,8,2,1,8,2,1,1,4,0,42,8
2,3,9,2,4,13,3,2,1,4,0,43,10
5,2,9,2,0,13,0,1,1,3,4,38,6
6,7,13,3,1,6,1,0,0,3,1,39,12
3,4,9,5,0,13,1,3,0,0,0,45,4
2,7,8,2,3,6,4,0,1,5,3,43,5
4,0,11,8,1,5,1,1,0,5,3,36,5
5,7,8,2,2,13,2,1,0,6,3,45,0
4,7,7,0,1,13,2,0,1,6,0,38,0
3,1,9,4,1,9,3,2,0,4,0,38,11
4,7,6,4,0,10,2,1,1,0,0,43,6
2,1,12,3,0,9,2,1,1,1,4,34,2
3,7,9,4,0,6,2,2,0,0,0,37,3
5,4,13,3,1,13,1,2,1,0,4,41,5
2,7,4,6,1,1,3,0,0,4,0,33,0
3,7,14,3,0,12,3,1,1,0,2,41,7
4,7,12,3,0,0,4,1,1,1,2,38,4
5,0,11,3,1,11,2,2,0,3,1,47,5
3,6,11,2,3,13,2,1,0,0,0,38,8
5,0,9,1,1,13,3,0,0,1,0,39,4
3,7,6,3,1,4,1,0,0,0,0,41,6
4,0,13,4,0,13,1,0,1,3,2,39,0
4,7,10,4,0,4,3,1,1,4,3,37,4
2,7,8,2,0,7,3,0,1,4,1,44,0
3,5,12,2,0,4,2,0,1,1,0,41,1
2,6,11,2,2,7,2,1,1,4,0,43,12
5,6,8,6,0,13,2,0,0,0,1,41,4
3,2,6,3,2,13,2,0,0,3,1,37,9
5,7,5,3,4,13,3,0,1,4,2,40,5
2,7,12,5,2,10,2,0,0,6,4,43,0
5,5,8,4,2,2,2,1,1,1,0,40,4
2,7,8,4,0,6,3,1,0,4,0,31,5
4,3,8,0,0,4,3,0,1,3,0,47,0
2,0,12,2,2,7,2,0,1,4,6,41,5
3,7,11,5,0,6,1,2,0,0,2,44,4
4,7,10,7,0,10,3,1,1,0,3,43,4
4,7,10,5,0,10,3,1,0,0,0,45,5
5,4,10,3,0,13,2,1,1,0,0,43,12
5,3,9,2,2,13,3,1,0,5,0,44,1
3,6,8,6,0,9,1,0,1,0,1,38,1
3,7,4,0,1,0,3,1,0,1,4,43,4
2,3,6,1,0,5,2,2,0,4,2,40,0
4,4,6,5,2,8,2,0,1,3,1,40,4
3,7,11,5,0,13,3,2,0,0,4,39,4
4,7,9,7,0,13,3,2,0,0,3,36,9
3,3,8,2,2,13,3,1,1,3,1,40,2
2,7,7,5,0,4,3,0,0,2,1,40,4
5,5,9,2,2,12,1,0,1,0,2,43,0
4,7,9,6,1,4,1,1,1,5,0,45,2
5,7,7,9,1,10,2,3,1,4,0,42,4
4,7,8,3,2,2,2,0,1,2,1,45,1
3,3,11,2,0,10,2,0,1,0,2,39,8
3,7,9,4,0,13,2,0,0,0,1,35,0
3,5,11,6,1,2,4,1,1,4,0,39,2
5,7,10,4,1,2,3,1,0,1,1,42,2
4,0,9,6,0,6,3,1,0,4,0,40,3
3,0,11,1,2,9,0,1,1,6,3,44,4
3,7,10,4,1,5,3,1,0,1,0,40,1
5,3,10,5,0,4,2,1,1,3,0,36,2
3,7,9,1,1,11,4,0,1,6,2,36,2
2,7,11,4,3,13,3,0,0,7,3,38,0
3,0,8,5,0,0,2,0,1,3,0,37,0
2,2,11,2,0,12,3,1,1,0,0,44,8
3,2,9,4,0,13,1,0,1,0,1,48,0
2,5,9,4,0,9,2,1,1,4,1,49,9
4,5,7,5,0,7,2,0,1,0,2,39,2
3,7,6,1,1,13,4,0,1,0,4,42,5
4,6,7,6,0,11,3,1,0,0,2,45,0
2,7,10,3,3,6,3,0,1,5,0,38,9
2,7,8,7,0,13,2,0,0,0,6,35,5
4,7,10,3,1,7,2,0,1,5,1,42,9
3,5,15,4,0,13,2,0,1,0,0,43,6
3,3,10,2,0,6,1,0,1,0,0,38,0
3,7,13,2,1,12,3,0,1,0,0,42,0
3,7,8,7,0,5,2,0,0,1,0,44,4
3,7,10,7,1,13,4,3,0,0,3,35,0
3,7,8,2,1,13,2,0,1,5,0,44,13
3,3,10,3,0,10,2,1,0,3,0,45,5
2,7,8,0,2,10,3,1,1,5,4,38,2
2,7,9,4,1,2,5,2,1,3,1,43,2
2,4,8,8,0,8,2,2,1,4,0,44,1
4,7,7,4,2,3,4,1,1,5,0,37,4
4,6,11,8,0,2,3,0,0,4,2,43,6
2,7,8,5,2,11,3,0,1,3,0,45,9
1,5,9,6,1,4,2,1,1,3,0,42,4
3,6,11,2,1,13,5,1,1,4,1,41,2
4,5,9,4,2,12,1,0,1,5,0,43,6
3,3,14,3,2,13,1,0,1,4,4,39,2
3,1,9,1,0,1,2,1,0,2,0,40,6
3,7,8,1,0,7,2,0,1,3,0,39,0
3,7,7,5,1,10,3,0,0,6,0,36,14
3,3,7,5,0,8,3,0,1,3,0,44,10
3,0,7,4,2,9,2,1,1,4,2,45,10
4,7,11,4,3,12,4,0,0,4,3,43,13
2,6,8,4,0,1,2,1,1,2,2,36,0
4,7,5,7,2,6,3,0,1,0,2,42,0
2,7,10,6,0,1,3,0,1,2,4,39,0
3,2,10,2,0,5,3,0,1,0,1,37,5
2,2,7,0,0,2,3,1,1,2,4,46,1
3,2,8,2,2,12,2,0,1,5,0,40,9
1,5,9,4,1,6,2,0,0,4,1,41,5
3,1,9,1,2,13,4,1,0,1,3,43,4
5,7,9,5,0,6,3,1,1,3,1,48,2
4,7,11,5,0,13,4,1,0,1,3,42,2
4,0,3,0,0,0,3,0,0,0,2,42,2
5,7,6,6,0,9,3,1,0,2,0,48,3
3,6,1,4,1,13,3,1,1,0,1,42,0
2,4,10,3,1,9,3,2,1,6,0,39,0
1,7,8,5,0,1,2,0,1,1,5,36,4
4,7,12,1,1,7,3,2,1,5,1,40,4
3,3,10,2,0,1,3,1,0,2,0,41,2
2,7,9,4,0,9,3,0,1,5,3,43,5
2,7,8,5,1,13,3,1,0,4,3,44,5
4,7,5,8,1,6,3,0,1,4,3,41,4
1,7,12,5,0,12,1,0,0,0,5,43,4
3,7,9,5,2,4,3,0,0,3,3,42,6
3,7,6,0,2,3,2,3,0,0,0,43,5
2,5,10,6,0,12,2,1,1,0,3,40,5
4,1,9,1,1,6,2,0,0,3,0,41,2
3,7,11,5,0,12,3,2,0,0,2,36,9
4,1,13,6,1,13,3,0,1,1,1,47,7
3,7,7,2,3,2,2,0,1,3,0,36,2
4,3,8,5,1,13,4,1,1,4,0,43,4
5,6,9,5,0,11,3,2,0,0,1,43,8
2,5,11,5,0,12,3,1,0,0,2,42,0
4,3,8,5,0,10,2,2,0,0,2,43,1
3,7,12,1,0,13,3,1,0,0,1,41,6
4,3,6,6,1,8,2,1,1,5,0,36,7
3,5,7,2,1,8,3,0,1,3,0,39,6
4,6,9,2,1,11,1,0,0,5,3,41,1
3,1,6,4,0,4,2,1,1,0,0,41,0
1,7,10,5,2,1,3,1,1,2,3,45,10
5,7,10,2,1,8,4,0,1,4,1,39,5
2,1,9,4,1,6,3,0,0,4,0,37,6
4,7,10,5,1,13,1,0,0,3,3,44,8
4,7,10,5,0,3,3,1,0,2,1,41,10
5,7,6,5,0,0,3,0,0,0,0,36,5
4,2,6,6,3,4,4,1,1,1,0,37,0
2,5,11,5,0,13,3,0,0,0,3,38,4
5,7,13,2,2,3,1,3,1,3,0,36,2
4,0,8,8,1,9,1,0,1,5,4,40,2
3,7,10,4,1,0,3,1,1,0,3,41,4
4,7,6,4,0,13,3,0,1,0,2,46,0
4,3,9,3,3,5,3,0,1,0,3,39,5
2,5,9,6,0,7,2,1,0,2,0,45,4
3,7,8,5,0,3,4,1,1,5,0,39,8
3,0,9,1,0,12,3,0,0,3,1,40,3
3,4,8,3,0,7,4,1,1,0,2,45,4
3,7,8,3,0,12,3,0,1,0,0,44,6
1,7,7,6,0,5,3,0,1,3,0,38,3
4,7,5,3,0,4,2,0,1,0,3,39,11
4,5,11,5,1,13,3,0,1,3,1,39,7
4,7,6,4,0,12,1,0,0,0,0,36,9
5,1,9,5,0,11,1,1,0,2,0,43,0
2,7,9,4,0,6,2,1,1,3,3,41,0
3,7,9,4,0,7,2,0,0,1,3,38,6
2,5,8,9,0,9,0,0,0,0,0,39,4
3,4,9,4,1,13,3,2,1,6,3,46,3
3,0,8,6,3,8,2,0,1,4,0,41,6
5,7,10,4,1,13,3,2,1,7,0,32,0
2,0,9,4,2,7,1,2,1,3,2,42,9
3,3,11,2,2,13,3,2,0,0,2,39,0
4,6,6,5,0,12,2,0,1,0,0,42,4
1,7,12,5,0,9,1,1,1,3,0,43,9
2,3,9,1,2,5,1,1,1,4,0,40,9
2,3,8,4,1,4,5,2,1,3,3,41,2
3,7,9,1,2,13,2,0,1,5,0,38,4
5,0,14,1,3,13,2,1,1,2,2,33,6
4,2,9,4,1,12,5,0,1,1,3,43,2
4,5,7,2,4,3,4,1,1,3,0,46,7
3,2,9,2,1,2,3,2,1,5,0,41,0
3,7,7,3,0,13,3,0,1,4,0,39,4
3,7,7,3,2,6,4,1,1,5,1,47,2
4,7,8,5,1,2,2,1,1,5,2,39,0
2,7,10,4,1,13,3,0,0,5,2,39,5
4,7,8,6,0,7,1,0,0,0,0,42,4
4,0,9,4,1,9,3,1,0,2,1,43,7
4,1,10,4,1,13,4,0,1,1,3,39,5
4,3,8,4,1,13,1,1,1,5,3,36,6
4,0,11,2,1,11,3,1,1,2,0,35,4
2,7,10,4,2,5,3,0,1,3,0,41,3
3,7,7,7,2,9,1,2,1,6,0,38,0
3,7,5,3,1,12,3,1,0,4,0,40,2
2,2,11,2,3,10,1,0,1,5,0,37,11
3,6,5,2,0,10,2,0,1,5,2,36,7
4,6,10,4,1,3,3,0,0,5,2,47,7
2,7,6,6,1,13,3,1,0,4,0,45,6
2,6,8,3,1,4,3,0,0,2,0,40,3
2,7,12,5,0,0,4,1,1,3,0,42,3
3,4,8,2,1,12,0,0,1,4,1,42,3
1,7,8,2,1,6,1,0,1,5,2,40,3
5,7,12,4,1,13,4,1,0,4,2,40,9
3,4,10,3,0,11,2,1,1,0,4,45,5
2,0,11,4,0,4,3,0,1,4,3,46,5
3,5,12,5,0,10,2,1,0,1,4,46,3
4,0,6,3,4,3,4,0,0,6,1,43,0
3,7,9,5,1,13,3,1,0,4,0,41,2
4,5,8,4,1,3,3,1,0,0,0,35,4
2,7,10,1,1,6,4,0,1,4,0,47,5
2,6,6,1,0,4,5,0,0,2,1,41,0
4,7,13,8,1,6,3,0,0,0,0,43,5
3,7,8,5,0,5,0,2,0,2,1,43,1
3,7,7,5,0,13,5,1,0,4,0,40,0
5,6,10,5,2,10,1,1,1,4,2,38,3
4,5,6,2,0,8,1,0,1,0,2,49,0
2,2,10,3,2,7,2,0,1,5,0,41,4
2,7,6,5,1,4,3,0,1,4,2,40,0
6,3,9,5,1,11,4,1,0,4,6,35,4
2,7,12,4,0,4,3,1,1,3,4,38,0
6,7,10,5,0,7,3,2,0,0,0,37,7
1,5,8,5,1,13,3,1,1,6,1,36,6
4,5,10,5,3,0,4,0,0,4,0,46,3
2,4,8,5,0,7,2,0,0,2,1,40,2
4,7,4,7,1,10,2,0,1,3,0,37,11
3,7,6,4,0,13,4,0,0,3,2,37,1
3,0,12,5,1,6,1,2,1,5,0,39,4
1,7,8,5,0,5,2,1,1,4,1,37,10
3,7,10,0,0,13,2,1,1,0,0,47,9
3,7,9,2,0,10,2,0,0,0,1,41,4
2,7,10,1,1,9,1,1,0,4,0,40,3
4,7,9,6,0,13,2,1,0,0,1,39,7
4,2,11,6,0,13,2,0,1,2,0,34,2
4,0,10,5,3,13,2,0,0,2,2,35,9
5,4,13,3,3,13,2,0,1,3,0,40,0
2,7,12,0,1,4,1,0,1,0,0,38,5
3,0,14,1,1,13,5,2,1,4,3,47,5
1,7,10,2,0,3,0,0,0,0,0,42,7
3,2,9,5,0,9,1,0,1,0,0,44,0
5,7,7,4,1,4,2,0,1,0,0,41,6
1,3,9,3,2,13,4,1,0,5,0,38,10
4,4,6,2,0,10,3,0,1,0,0,41,2
3,4,7,4,0,8,1,1,0,0,1,38,5
6,7,9,3,1,8,3,1,1,5,0,39,1
4,5,5,4,1,4,1,1,1,0,4,37,4
3,4,7,4,0,11,2,1,1,0,0,41,10
3,7,8,4,0,13,3,1,1,0,5,48,7
3,7,7,2,1,8,3,2,0,4,3,41,3
2,7,12,2,0,3,2,0,1,0,3,43,11
2,1,9,4,1,13,1,1,0,1,2,33,5
4,6,11,6,0,4,2,1,0,0,0,36,0
4,1,7,3,0,13,2,0,1,1,0,38,2
5,7,9,5,0,2,2,0,0,3,3,43,0
3,0,8,2,1,4,2,1,0,3,1,35,8
4,7,8,5,1,13,2,1,0,4,2,42,5
4,4,10,2,1,3,1,1,0,3,0,40,8
1,7,8,5,0,13,2,0,0,0,3,40,7
4,1,9,3,0,6,1,1,0,2,1,41,7
6,6,4,4,1,13,2,1,1,4,0,46,6
3,7,10,7,0,11,3,0,1,0,0,38,4
3,1,12,4,0,13,2,3,0,0,4,44,5
2,7,5,2,0,11,1,0,0,0,1,43,0
2,0,7,5,0,9,3,1,1,4,0,44,3
2,7,10,4,1,5,2,0,1,3,0,44,11
4,3,9,2,0,13,3,2,1,0,1,45,6
3,7,10,2,0,11,2,1,0,0,1,40,2
3,2,11,5,1,1,2,0,0,0,4,39,2
4,1,9,4,2,4,5,2,1,0,6,40,3
4,6,5,3,1,13,3,1,1,5,0,40,3
4,4,6,6,1,10,5,0,0,0,0,46,8
4,5,8,2,2,5,2,0,1,4,0,41,8
4,7,8,5,1,13,1,1,1,4,2,42,5
5,7,9,5,1,4,1,2,1,0,0,42,12
3,1,11,0,0,7,1,0,1,0,0,38,9
4,4,8,3,0,9,2,1,0,3,0,40,0
2,7,12,5,0,10,3,0,0,4,2,45,5
3,7,12,6,0,11,1,1,1,1,3,37,11
3,4,10,6,1,13,4,1,1,3,4,37,5
4,3,10,3,1,3,2,0,1,2,1,38,1
3,0,12,5,0,3,1,0,0,0,1,42,4
5,5,6,0,0,11,2,1,1,0,2,41,9
3,4,9,7,1,13,0,1,0,0,0,40,3
3,7,10,4,2,13,4,1,1,7,0,40,0
3,7,6,3,1,8,3,0,0,4,3,38,5
3,7,5,4,0,13,2,0,1,5,0,38,9
4,7,10,5,0,7,2,0,1,0,0,40,7
4,7,8,5,0,1,0,0,0,4,0,34,7
6,7,9,4,0,4,2,1,1,2,4,39,6
3,7,8,2,3,5,1,1,0,5,0,38,9
6,0,11,4,0,13,2,0,1,0,3,45,5
6,6,7,4,0,9,3,2,0,0,1,37,4
4,7,10,3,2,13,4,0,1,4,0,38,9
5,1,8,4,0,2,2,0,0,1,1,42,1
4,7,11,1,0,13,3,0,1,0,0,42,0
3,6,13,7,0,9,2,0,1,1,0,42,4
4,2,11,3,2,11,2,2,1,3,0,36,2
4,5,10,7,0,10,3,1,1,2,2,45,6
3,7,10,5,1,0,2,1,0,2,0,36,6
4,7,11,3,0,13,0,0,1,3,0,33,2
4,7,13,3,0,13,4,2,0,0,2,47,5
4,5,9,6,0,7,3,0,1,5,4,35,0
3,4,8,3,0,6,3,2,1,0,0,45,8
5,7,10,5,1,5,2,1,1,3,3,37,2
4,7,8,7,3,13,3,0,1,3,1,45,4
5,5,8,5,0,4,1,0,1,2,3,45,7
3,0,8,4,0,11,3,1,0,5,0,42,2
2,7,6,5,0,9,3,0,1,3,2,41,1
3,7,7,5,2,2,3,0,1,2,0,41,3
3,5,13,4,0,7,2,0,1,4,4,39,0
4,7,7,3,0,11,3,0,0,0,1,44,0
4,7,9,7,0,13,3,1,1,0,0,43,5
4,7,8,6,3,0,3,0,1,3,2,38,2
4,7,7,5,2,11,3,1,1,4,0,42,5
2,0,9,5,1,8,3,0,1,4,0,46,8
3,7,6,3,1,9,1,1,1,5,2,40,0
3,2,9,3,0,8,3,1,1,2,2,38,2
4,0,9,6,1,13,2,0,1,1,4,34,4
5,0,11,6,2,5,1,1,0,5,6,39,3
5,5,5,6,0,8,4,3,0,4,0,39,4
5,6,8,4,1,4,3,2,1,4,3,39,3
4,3,12,4,1,13,1,0,1,4,1,40,2
5,3,7,5,0,10,3,0,0,3,2,42,6
2,5,11,4,0,9,2,1,1,0,0,42,7
3,7,9,2,0,2,2,0,1,2,2,39,1
5,0,12,2,1,13,2,1,1,2,2,42,5
3,7,11,5,0,13,2,2,1,0,0,47,7
3,5,11,2,2,10,4,1,0,0,2,45,0
4,7,10,0,0,11,3,1,1,4,0,30,8
4,7,8,6,0,13,2,1,0,0,1,45,1
3,1,9,5,0,6,3,1,1,3,1,39,0
3,4,9,7,2,7,2,0,1,0,0,38,0
3,7,12,1,1,13,3,0,1,3,1,42,4
1,7,9,4,1,6,4,0,1,5,0,38,4
4,7,9,4,1,3,1,1,0,0,0,41,7
2,7,13,2,1,10,2,0,1,4,2,42,12
4,2,6,3,1,5,3,0,1,3,0,45,3
3,5,6,6,2,11,1,1,1,5,0,36,7
2,6,6,5,1,1,1,0,1,3,0,45,6
3,5,14,5,0,3,3,0,1,3,0,43,12
4,7,10,5,2,13,3,0,1,5,0,41,5
6,7,11,6,1,9,0,2,0,1,0,40,5
2,7,9,6,0,13,1,2,0,0,1,45,0
4,5,6,2,0,7,1,0,0,0,2,45,0
5,2,8,4,0,2,2,0,1,2,1,38,5
3,7,7,3,0,5,2,1,0,0,2,38,2
3,0,9,5,0,10,5,0,0,2,2,38,6
4,5,7,4,2,13,2,3,0,4,0,47,7
5,7,5,4,0,10,1,1,0,0,1,42,0
4,6,4,2,0,13,2,1,0,4,0,39,6
3,7,9,5,1,13,4,1,1,6,0,37,2
4,7,8,6,0,13,3,2,1,0,1,41,3
1,0,9,3,0,12,1,0,1,0,4,45,0
3,7,9,5,0,7,2,0,1,3,1,42,6
4,0,9,4,1,7,4,0,0,4,1,42,8
2,5,11,3,2,13,4,1,1,4,3,44,3
5,7,6,2,0,4,2,0,0,4,2,41,5
2,7,10,1,2,4,2,1,1,3,0,36,1
4,0,7,1,1,13,3,0,0,0,6,39,7
4,3,9,2,2,2,3,0,1,4,2,42,9
4,6,9,3,1,12,1,0,1,5,0,38,2
3,4,10,5,0,9,2,0,1,5,0,35,0
4,1,13,5,0,5,3,0,1,0,3,37,4
2,4,8,5,0,13,2,0,0,3,2,42,3
3,7,6,5,1,5,3,1,1,2,2,40,0
3,7,6,3,0,8,2,0,1,0,3,41,3
3,7,6,3,0,5,3,1,1,0,1,44,0
3,2,9,4,2,10,2,0,0,4,0,42,5
7,6,11,6,0,10,2,1,1,0,2,40,6
4,0,9,2,1,4,1,0,0,4,0,33,4
4,7,13,4,2,13,3,0,1,7,1,35,2
3,7,11,5,0,13,4,3,1,0,1,44,3
5,7,9,6,0,2,2,0,1,1,2,39,0
5,4,9,1,0,13,2,0,0,0,2,45,5
3,4,11,2,0,13,5,0,0,3,4,45,4
3,7,9,5,2,13,2,1,1,4,2,39,4
5,3,10,5,0,11,2,2,1,0,0,37,4
3,4,13,5,0,5,3,2,1,0,1,40,7
4,7,9,0,0,7,4,0,0,0,0,47,0
3,0,12,3,0,6,2,0,1,0,0,39,3
5,6,8,5,1,8,1,2,0,3,0,35,4
3,5,6,3,2,7,2,0,1,0,0,45,3
6,0,12,3,1,13,4,0,0,4,5,43,0
4,7,10,0,0,11,2,0,0,4,1,38,5
4,7,8,4,0,10,2,2,1,0,0,40,1
4,0,11,3,1,13,1,0,1,2,3,44,8
4,3,10,3,0,10,2,1,1,0,5,43,12
3,7,8,2,3,5,1,0,0,6,3,42,10
4,7,6,5,0,5,2,1,1,0,1,43,4
3,7,9,3,0,6,1,0,1,4,2,44,10
4,7,4,4,2,13,3,0,0,5,1,41,5
3,5,8,4,0,4,2,0,1,2,1,42,1
5,1,8,1,0,2,0,0,0,0,0,43,5
5,7,10,5,0,9,3,0,0,0,0,43,4
1,7,13,4,0,8,4,0,1,3,1,43,7
3,4,9,5,1,4,2,0,0,5,0,36,0
5,2,8,4,1,7,3,1,1,6,3,44,1
3,0,7,5,0,13,0,0,0,0,0,39,0
3,3,10,6,2,0,3,2,1,3,0,44,0
4,4,9,5,0,8,3,0,1,3,3,44,4
1,0,10,6,0,13,3,0,1,7,0,38,0
5,2,11,3,2,10,2,2,1,3,2,38,3
4,0,12,1,0,12,1,1,1,0,0,40,2
3,7,10,2,4,9,3,0,0,4,0,38,13
1,7,13,4,1,2,3,2,1,3,3,39,5
2,7,13,6,1,6,3,0,1,6,3,43,1
3,7,8,6,0,9,3,0,1,3,0,38,7
4,2,7,5,1,4,3,0,1,3,0,42,5
6,7,11,4,0,5,3,1,1,0,0,42,0
3,6,5,5,0,9,2,3,1,4,0,35,6
2,6,6,5,0,13,1,0,0,0,2,43,0
4,3,7,6,1,13,1,0,1,3,2,42,5
3,2,10,2,2,11,3,1,1,6,2,37,6
3,3,4,6,0,5,3,0,1,0,5,43,1
3,7,7,2,0,13,3,0,1,0,0,37,0
5,1,10,6,1,13,3,0,1,3,0,35,7
3,7,8,3,1,8,1,0,1,5,3,44,0
3,6,12,5,0,10,2,2,0,0,2,41,3
3,2,12,6,0,8,1,1,0,0,2,41,0
4,0,9,3,2,0,4,1,0,3,0,37,4
3,7,9,4,2,13,3,0,0,4,0,39,10
4,1,9,4,2,13,1,0,1,3,2,37,4
2,5,11,3,0,13,3,2,1,0,1,43,9
3,3,8,2,1,0,4,0,0,3,0,44,3
5,3,6,0,0,13,2,0,0,0,1,40,6
4,7,9,5,0,13,2,0,0,2,1,38,3
3,7,7,5,0,8,3,0,0,4,1,39,5
4,7,10,4,0,9,2,1,0,2,2,36,3
5,7,13,6,0,4,2,1,0,0,0,41,0
2,7,13,5,0,5,3,0,0,0,0,45,6
4,7,14,1,3,8,3,0,0,10,4,29,4
3,7,12,1,1,13,2,0,1,4,0,39,6
2,7,11,5,1,13,3,0,0,4,2,39,9
2,3,11,5,0,13,1,0,1,4,1,35,5
3,6,7,4,0,13,4,1,1,0,3,43,0
2,0,10,0,0,4,3,1,1,4,0,39,8
4,7,10,5,1,12,2,0,1,4,2,40,5
4,0,8,2,2,5,2,0,1,0,0,37,3
3,6,9,5,2,9,2,3,1,3,3,41,4
4,7,8,3,0,11,3,1,1,3,1,37,0
5,4,13,4,0,10,2,0,1,0,3,39,9
3,7,8,1,0,3,1,0,1,1,2,42,1
4,7,5,2,0,0,2,1,1,0,3,38,3
4,4,10,3,1,6,2,0,0,3,0,39,10
2,7,11,3,2,12,1,0,1,4,0,38,5
4,0,8,6,1,13,3,1,0,4,0,39,2
3,0,10,1,1,13,4,0,1,3,2,36,5
3,1,7,3,1,13,2,0,0,0,3,34,2
3,6,6,1,1,13,3,2,1,0,2,45,0
3,7,6,7,3,6,4,0,0,3,1,45,6
3,7,8,2,2,13,2,0,0,5,2,44,9
5,7,8,7,1,10,1,2,1,4,1,41,5
2,4,10,4,1,5,2,0,0,5,0,37,0
1,1,7,3,1,3,2,1,1,3,2,37,4
3,7,12,2,1,13,2,0,0,5,0,44,0
2,7,8,6,0,9,1,0,0,2,0,45,8
4,7,11,6,1,7,1,0,0,3,0,39,5
4,1,5,5,2,13,4,2,0,6,0,41,0
3,5,6,5,1,12,2,2,0,4,3,40,8
5,0,10,3,2,13,1,0,0,0,0,35,7
1,7,7,2,0,13,2,2,1,3,2,36,2
3,7,9,2,3,12,3,0,0,6,2,41,0
4,7,11,4,0,9,3,1,0,3,0,44,1
5,5,11,3,1,11,4,1,0,5,1,37,7
2,4,7,4,2,3,1,0,1,5,3,42,5
2,7,7,4,0,13,1,0,0,0,4,43,8
4,7,9,3,0,4,4,0,0,3,0,39,3
3,3,11,5,0,9,2,0,0,0,1,42,0
3,7,10,5,0,3,2,2,0,0,1,44,2
1,0,12,1,0,9,1,0,1,3,2,42,2
4,4,10,0,0,5,3,2,1,2,0,44,0
3,7,6,5,1,5,1,0,1,3,2,44,0
5,7,7,5,2,9,2,0,1,4,1,38,4
3,3,9,5,1,13,1,0,1,3,0,38,8
3,7,6,3,0,13,3,0,1,0,2,42,0
5,7,10,2,2,13,4,0,1,4,1,40,0
6,7,11,0,3,2,2,0,1,2,1,47,2
3,4,6,8,0,11,3,2,0,0,1,43,6
4,1,5,5,0,5,2,2,0,0,0,39,0
3,3,9,6,0,4,0,0,1,0,2,39,0
3,4,9,3,0,2,1,1,0,3,2,37,1
3,7,11,2,3,2,2,0,1,2,0,42,7
3,7,10,4,2,12,4,1,0,4,0,43,6
4,5,8,4,1,13,2,2,1,6,0,41,0
5,5,9,4,0,7,2,0,0,0,4,34,6
3,2,9,3,1,11,1,0,0,4,0,50,11
4,5,9,1,0,12,1,1,0,0,1,36,5
4,4,10,1,0,12,3,0,1,0,3,43,5
4,7,8,1,0,8,3,1,1,3,0,42,7
4,2,8,2,0,13,5,0,1,1,3,37,0
3,6,5,1,1,4,1,1,1,0,2,40,3
3,1,9,2,2,7,3,1,0,3,0,35,3
3,7,12,7,0,13,0,3,1,2,2,44,4
3,3,8,2,1,11,1,0,1,3,0,36,8
4,7,10,5,1,9,2,0,1,6,0,41,2
4,6,10,4,1,13,2,1,0,4,0,41,1
4,6,12,6,0,13,3,1,1,1,0,41,7
5,2,10,3,0,7,2,0,1,0,0,44,0
2,3,9,4,2,9,3,0,0,6,0,42,0
5,7,10,4,1,13,3,0,1,4,2,48,3
3,7,9,5,0,13,3,0,0,0,4,43,2
4,3,8,4,0,11,3,1,1,0,3,43,5
2,6,9,5,0,12,1,2,0,0,2,43,9
4,7,6,3,1,2,2,2,0,2,0,48,4
3,4,8,2,1,13,1,0,1,0,0,42,0
4,7,6,3,0,13,2,0,1,0,0,39,5
4,5,4,5,0,11,2,0,0,1,3,41,0
3,7,6,4,0,3,1,1,1,2,3,36,1
3,7,9,2,2,7,3,1,0,5,3,43,11
3,6,9,3,2,6,4,2,1,5,0,44,6
5,7,8,2,0,2,1,0,0,1,1,43,2
3,7,13,3,0,13,4,0,1,3,1,42,0
3,7,11,6,0,13,2,2,0,0,3,39,7
2,0,13,1,1,5,3,0,0,3,0,44,11
3,2,6,3,3,4,3,1,1,1,3,38,8
3,5,9,5,0,5,3,0,0,3,0,42,0
3,4,11,1,2,1,1,0,1,5,0,39,11
2,5,11,5,1,4,1,1,1,3,0,38,5
2,0,8,6,0,8,3,0,1,3,1,36,5
3,0,11,1,0,9,0,1,1,3,1,35,0
4,2,9,4,4,11,3,0,1,0,2,38,0
4,7,4,5,3,13,2,0,1,4,0,38,7
4,7,8,3,0,11,2,2,1,5,0,40,0
5,7,6,6,1,1,1,1,1,2,1,47,6
3,4,9,7,0,11,3,2,1,0,0,42,1
4,6,8,1,1,13,3,0,1,5,4,32,3
3,3,10,5,0,6,1,0,1,0,0,38,5
5,7,6,0,2,8,4,0,1,4,0,35,2
4,7,7,6,1,11,3,1,0,4,0,41,3
4,6,10,4,1,11,3,1,0,4,2,39,3
3,7,10,4,1,8,5,1,1,4,0,43,3
3,3,11,3,3,12,2,2,0,3,0,38,6
2,7,7,5,0,11,1,1,1,0,5,39,2
5,7,9,4,4,2,2,0,1,4,0,44,10
5,7,13,5,0,0,1,2,0,0,1,36,5
2,7,9,0,0,3,4,3,1,1,2,40,5
4,7,8,4,1,1,2,2,1,2,0,38,0
4,3,8,5,1,5,1,1,1,0,3,37,9
4,6,5,5,0,13,3,1,0,0,4,44,0
4,7,14,3,0,3,1,2,1,1,3,40,5
2,4,6,3,0,10,2,1,1,4,6,40,2
5,3,7,6,4,13,3,1,1,5,3,40,2
4,7,10,5,0,13,2,0,1,4,0,35,2
3,7,8,6,0,6,2,1,0,1,1,39,4
2,7,2,2,1,1,2,3,0,3,4,46,5
3,7,10,4,0,7,2,1,0,0,4,43,7
3,0,7,5,2,5,3,0,1,0,3,41,5
4,6,12,3,0,13,1,2,0,0,0,36,3
5,7,7,4,0,3,2,2,1,0,3,41,2
1,0,12,8,0,11,2,0,0,6,2,40,4
4,3,8,3,0,2,3,1,1,1,0,41,6
1,7,8,1,0,13,2,0,0,5,0,40,0
4,5,6,3,3,11,5,1,1,0,5,40,1
3,1,6,5,1,13,4,0,1,3,0,32,0
4,7,12,1,1,9,3,1,0,6,2,37,0
2,7,9,5,0,7,2,0,0,3,2,37,5
2,2,8,0,3,1,3,0,1,5,0,38,2
4,7,9,5,2,13,3,0,1,3,0,43,4
5,7,10,2,1,2,2,1,0,3,0,46,3
6,7,8,6,0,5,1,1,1,1,0,43,10
3,4,13,2,2,13,4,1,1,3,1,42,2
3,7,7,7,1,3,2,2,0,0,3,38,10
1,7,10,5,1,4,4,0,1,5,0,40,5
2,7,12,3,2,13,2,0,1,4,2,44,8
4,7,6,3,2,13,1,0,1,0,0,43,2
5,3,7,5,0,9,1,0,0,0,1,37,1
4,7,10,4,1,8,3,2,1,5,3,48,10
5,7,6,4,0,13,2,0,1,0,2,46,2
5,7,8,4,0,0,2,0,0,2,3,40,7
1,5,7,5,2,5,2,0,1,3,1,40,7
2,6,10,6,1,10,1,0,1,4,2,46,7
3,7,10,4,1,12,1,2,0,2,0,45,1
3,1,10,4,1,13,1,1,0,1,0,36,2
2,5,7,6,0,13,2,2,1,0,3,44,6
5,7,8,4,1,3,1,1,0,4,0,49,0
4,7,8,6,0,7,2,1,1,4,2,41,6
4,3,6,4,2,3,2,0,1,3,3,37,6
4,3,8,3,0,13,2,1,0,0,0,39,0
4,7,6,2,0,9,2,0,1,0,0,38,0
1,6,6,8,2,2,2,0,0,0,0,37,2
2,7,7,7,1,13,3,0,0,3,1,39,6
4,5,5,1,0,6,3,0,0,0,1,42,8
2,7,11,2,0,11,1,1,0,3,1,34,0
3,7,13,5,0,5,0,0,1,0,1,38,0
2,7,12,4,0,13,1,1,0,0,0,40,0
3,7,13,6,0,7,2,2,0,2,4,44,4
3,5,12,2,0,13,4,1,1,0,0,39,3
5,7,10,5,1,7,3,1,0,5,0,48,4
4,2,12,1,0,13,1,0,0,2,2,35,7
3,7,8,7,0,13,1,2,1,0,0,38,8
2,2,9,2,0,13,0,1,0,4,0,43,5
3,7,8,6,1,12,2,0,1,5,0,37,9
3,7,7,2,0,13,4,1,0,4,0,47,0
3,7,6,3,0,13,2,0,0,0,2,40,0
5,3,12,6,0,6,3,0,1,0,0,38,8
3,2,10,1,0,13,3,2,1,0,2,41,2
5,7,11,4,1,6,3,0,0,6,5,39,0
3,7,9,2,0,11,2,0,0,0,2,41,4
3,4,10,3,1,8,1,0,1,4,0,43,5
3,7,14,2,2,1,2,2,0,2,1,43,4
2,7,8,4,1,7,3,0,1,4,1,42,1
3,3,12,4,0,8,4,0,1,3,4,40,6
3,7,8,5,0,12,3,0,0,3,2,48,5
4,2,14,5,0,6,2,0,0,0,0,40,0
3,7,11,2,0,11,1,1,0,3,2,36,0
4,7,8,2,0,13,3,0,1,0,2,42,0
5,2,12,4,1,13,2,0,1,3,2,41,3
5,7,7,0,0,13,1,3,0,0,6,38,0
5,7,9,3,2,13,2,0,1,4,0,44,6
4,0,7,7,2,5,2,0,1,5,2,40,2
3,7,5,5,1,8,3,3,1,3,2,47,1
3,7,7,6,1,12,4,1,1,3,0,46,0
2,4,9,2,2,8,3,0,1,5,2,37,5
2,7,12,5,1,3,4,2,1,3,2,39,2
2,7,7,3,1,7,3,0,1,5,0,40,6
5,7,10,6,0,2,2,1,0,0,0,40,4
4,7,10,4,0,7,3,1,0,2,1,39,0
3,7,6,5,1,4,3,1,1,0,0,40,3
2,7,10,5,1,0,2,0,0,0,1,44,3
6,1,9,5,0,11,3,2,0,2,0,46,3
2,4,9,3,0,13,2,0,1,0,0,41,6
1,7,11,7,0,13,3,1,1,3,2,37,6
4,2,12,4,0,13,2,1,1,2,1,42,4
2,6,9,3,2,7,1,0,0,5,0,38,3
2,0,10,4,0,4,2,1,0,0,1,45,6
2,7,7,3,1,3,5,0,1,4,2,43,5
3,2,7,4,0,12,4,0,1,3,0,42,6
2,7,9,4,0,7,2,0,0,3,0,38,2
5,7,11,5,2,9,3,0,0,4,0,30,6
5,2,6,3,0,8,1,1,1,0,0,43,6
3,2,6,4,1,4,2,0,1,3,0,39,9
4,7,8,5,1,0,5,0,1,4,1,43,4
6,6,6,3,0,1,4,1,1,4,2,44,1
2,3,8,4,0,13,2,1,1,0,0,42,4
2,7,8,2,0,13,3,0,1,4,0,36,4
5,7,6,1,0,6,3,0,1,0,2,41,5
5,5,6,3,0,6,2,1,1,0,0,41,5
3,2,9,3,2,12,2,3,1,3,0,45,8
6,6,9,3,0,13,2,2,0,8,0,37,0
5,2,6,4,0,1,1,1,1,4,2,41,0
4,4,8,3,1,2,1,0,0,1,0,37,3
4,7,11,4,0,12,0,0,0,0,0,37,9
3,1,11,5,0,13,4,0,1,3,3,47,0
3,7,5,8,0,0,3,1,1,0,0,43,0
3,7,11,4,0,9,1,0,0,1,3,37,2
5,6,10,2,1,6,3,0,0,6,2,41,0
2,1,12,2,1,12,3,0,0,3,4,32,3
5,7,12,4,1,9,2,1,0,4,1,37,4
4,7,10,3,0,4,2,2,1,2,0,41,1
2,3,9,3,0,13,2,0,1,0,0,44,6
2,7,8,6,0,7,3,0,1,4,2,43,1
5,7,8,6,0,13,2,2,1,2,0,43,5
4,2,14,3,2,10,1,0,1,3,5,39,6
2,7,14,0,0,13,0,0,1,0,0,41,5
3,7,9,0,0,9,2,0,1,1,1,45,0
3,7,10,3,2,1,2,1,1,1,1,40,4
5,7,8,5,1,4,2,0,0,4,1,48,2
2,0,11,5,0,13,2,1,0,2,1,42,9
5,4,11,3,0,13,3,1,0,0,0,45,11
4,7,11,1,0,5,1,1,0,0,0,35,1
4,7,8,5,0,7,2,2,0,0,0,40,3
3,7,7,0,3,0,2,1,1,1,3,37,6
4,0,9,6,2,8,4,0,1,5,0,32,5
4,3,9,3,1,3,2,0,0,3,0,43,2
4,7,9,6,0,12,2,0,0,0,2,39,4
3,6,11,1,1,11,3,0,1,4,0,47,3
4,7,12,2,3,8,1,0,0,6,1,42,4
4,7,11,4,0,5,3,0,1,2,2,37,3
4,7,5,1,0,6,5,0,1,0,1,38,1
4,3,11,2,0,13,1,0,0,0,0,45,6
3,7,10,0,0,10,1,0,0,0,3,40,4
5,7,6,2,0,6,4,0,1,2,0,41,4
3,7,8,6,3,0,3,1,1,2,0,40,2
2,3,6,6,2,10,1,1,0,6,1,41,3
4,7,10,5,0,12,2,0,1,0,2,40,8
3,7,6,5,0,13,1,2,0,2,0,44,2
4,7,11,2,1,8,2,0,0,4,2,39,2
4,6,12,5,0,4,1,0,1,1,0,41,0
4,0,9,3,1,13,2,0,1,6,0,35,0
6,2,8,2,1,10,3,0,1,4,3,41,3
4,7,9,5,0,0,3,0,0,4,2,38,4
3,7,7,2,2,13,1,1,1,5,0,41,5
4,7,7,3,1,5,4,0,1,5,2,37,6
2,4,12,2,0,13,2,0,0,0,0,46,1
3,0,6,5,1,11,1,0,0,4,2,45,9
3,3,9,4,1,12,3,1,1,0,0,44,0
4,7,8,5,0,4,3,0,1,4,2,42,0
3,3,12,2,2,7,4,0,0,3,2,37,5
2,5,10,8,0,13,3,0,0,2,1,41,6
5,7,4,4,0,3,5,0,1,3,6,42,0
3,7,13,1,1,1,3,0,1,0,4,42,3
3,7,12,5,0,9,5,0,0,1,0,48,5
2,1,14,5,1,7,2,1,1,5,3,36,6
5,0,7,3,0,13,2,1,1,3,0,42,3
2,5,4,2,0,11,3,0,0,0,2,42,0
3,1,7,3,0,7,3,0,1,3,0,33,2
3,6,10,5,1,13,3,0,1,4,0,39,5
2,4,13,5,0,8,1,2,0,0,3,41,0
5,2,13,0,0,6,2,2,1,0,0,41,8
3,7,6,3,0,10,0,0,1,3,4,38,0
1,7,3,5,1,12,3,1,0,4,1,38,2
2,7,10,2,1,3,2,1,0,3,1,36,7
3,6,7,4,0,7,2,0,1,0,0,40,8
4,6,11,4,1,13,4,0,0,4,2,40,5
3,7,9,4,0,13,3,2,1,5,0,43,3
3,7,12,4,1,0,3,1,1,5,0,39,2
4,4,13,6,0,13,2,1,1,1,0,41,4
1,7,8,4,0,6,3,0,1,3,4,41,0
3,3,8,3,0,4,4,0,1,5,5,38,0
3,7,11,5,2,11,2,0,1,4,0,37,8
4,7,11,4,0,3,2,0,1,0,2,43,2
4,6,9,0,1,13,0,0,1,0,1,37,0
3,7,10,4,0,8,3,1,0,1,0,41,2
4,7,9,5,0,7,3,0,1,0,3,42,8
1,7,9,5,0,13,2,0,1,3,5,43,12
3,5,10,0,0,11,3,2,1,0,0,39,0
1,5,15,5,1,11,1,1,1,2,1,41,8
2,7,12,3,0,9,4,0,1,4,0,44,0
4,7,6,3,1,9,5,0,0,4,0,46,6
3,7,13,1,1,11,2,1,1,0,1,43,0
3,7,12,1,0,6,2,0,1,2,0,35,4
4,2,10,2,0,8,3,0,1,5,2,37,0
3,5,6,2,0,13,2,1,0,0,4,40,8
5,4,7,2,0,13,1,1,1,0,0,42,0
3,7,15,5,0,4,5,0,1,5,2,34,3
3,7,11,3,0,13,1,1,0,3,3,42,0
3,2,10,3,0,9,1,0,1,3,2,40,0
5,7,9,0,0,7,3,1,1,0,0,41,6
4,2,9,2,0,6,4,0,0,3,3,41,7
2,7,10,3,1,10,3,2,0,5,4,38,6
3,7,10,3,1,6,3,0,0,4,2,43,7
3,5,8,1,2,13,4,2,1,0,2,43,1
3,6,7,4,1,13,3,0,1,6,5,41,0
2,7,12,0,0,8,0,0,1,1,2,42,5
1,7,7,4,1,13,2,0,0,4,3,43,7
2,6,8,1,2,11,2,0,1,5,4,36,3
2,2,7,1,2,1,2,2,0,3,5,40,7
4,1,8,4,0,3,1,1,0,2,0,37,0
3,1,7,3,3,4,3,0,0,4,1,39,6
3,5,9,4,1,4,3,1,1,3,4,37,9
5,3,10,4,1,13,1,2,0,2,2,43,9
3,7,10,3,2,13,4,1,1,3,1,41,12
3,7,9,3,1,3,1,0,0,0,0,36,4
5,7,8,4,1,1,3,0,0,0,5,39,1
4,7,11,7,2,6,3,2,0,4,0,47,6
4,4,7,2,2,9,1,1,1,3,2,41,3
3,2,9,5,2,13,3,1,0,3,0,40,4
4,2,5,4,0,0,3,0,1,0,3,39,6
2,5,6,2,0,13,4,0,1,5,2,39,1
4,7,8,7,0,13,1,0,1,0,2,43,6
3,7,7,1,1,6,5,0,1,4,0,46,2
2,0,6,3,1,6,3,1,0,5,1,36,0
2,4,8,6,1,13,3,0,0,3,1,42,1
4,6,9,1,3,9,5,0,1,4,0,41,7
5,3,12,6,1,8,4,1,1,0,1,39,0
4,7,11,6,0,9,4,0,0,3,3,40,5
4,7,10,2,1,13,1,2,1,6,3,43,3
3,4,14,6,0,13,4,0,1,0,2,47,0
2,4,8,2,2,9,1,1,0,5,3,42,5
4,1,6,6,1,9,3,2,1,5,1,37,6
3,5,10,2,1,13,3,3,1,3,2,39,2
4,7,9,5,0,7,2,3,1,0,3,43,1
3,7,9,5,0,10,2,0,1,2,1,34,10
2,7,13,1,0,7,1,0,0,2,1,39,6
4,7,9,1,1,2,3,3,1,2,2,40,4
4,1,6,3,0,5,3,3,0,1,4,45,5
5,7,12,4,0,4,1,1,0,0,0,44,7
5,7,4,4,0,0,3,0,1,0,0,41,0
7,7,8,4,0,6,5,1,1,0,0,43,0
2,7,8,1,0,13,2,1,0,4,1,35,8
3,5,7,3,1,10,1,0,0,5,2,38,1
3,7,8,6,0,2,3,0,0,4,3,40,3
3,7,10,2,0,9,3,1,1,4,1,45,8
2,0,9,3,1,10,4,0,0,4,0,44,7
2,1,11,3,0,6,3,1,1,2,0,37,10
3,5,8,5,0,1,2,1,1,0,1,37,1
3,7,9,4,1,4,3,0,1,2,2,34,4
3,5,12,1,3,11,2,0,0,3,0,43,6
2,7,11,2,0,4,2,0,1,1,2,41,0
2,4,10,4,0,13,4,0,1,3,0,41,8
6,7,12,7,0,7,1,0,1,0,1,44,0
2,3,12,2,2,13,1,0,0,7,0,33,0
3,7,7,7,1,3,3,0,0,4,3,42,2
3,3,10,4,1,6,4,0,0,5,2,40,6
3,0,12,4,3,0,3,0,1,4,5,37,8
2,6,10,5,0,6,5,2,1,4,1,38,6
3,3,8,4,0,4,1,2,0,1,0,46,4
4,7,11,2,0,13,2,0,0,3,4,38,13
4,6,6,6,0,9,2,0,1,5,0,44,3
2,4,12,8,0,1,4,0,1,2,0,34,4
3,5,7,2,2,0,3,0,1,3,1,45,5
2,7,11,5,0,6,3,0,0,3,0,39,0
5,3,4,3,0,6,3,0,1,0,1,41,0
4,7,10,0,1,10,1,1,1,4,0,42,1
4,3,7,3,1,13,1,2,1,6,0,37,0
2,7,6,4,2,6,2,1,0,3,0,42,6
4,7,10,3,0,11,3,0,0,3,1,43,0
3,7,10,5,0,10,2,0,0,0,1,45,8
4,7,12,5,0,6,1,3,1,0,4,43,3
3,7,6,3,1,2,2,1,1,1,1,37,1
3,7,10,4,1,13,4,1,1,4,3,41,4
3,7,8,4,2,9,2,1,1,4,2,43,6
5,3,5,2,0,10,2,0,0,0,3,40,0
3,6,9,2,0,13,3,1,1,3,0,41,0
3,7,7,2,0,12,3,0,0,3,0,40,0
5,7,13,4,0,5,1,2,1,0,0,45,0
3,7,12,5,0,13,4,0,1,0,0,45,5
4,0,10,6,2,11,2,0,1,3,2,38,4
3,0,11,2,2,9,5,0,1,4,1,41,6
4,7,5,5,0,13,2,0,0,1,0,43,4
5,7,8,6,0,13,3,3,0,0,2,36,3
4,7,7,6,0,13,1,0,1,2,0,37,5
3,7,7,4,2,1,4,0,1,4,0,47,1
2,7,12,5,1,12,2,2,1,5,1,41,7
4,0,8,4,0,3,1,1,1,2,0,37,4
3,3,9,3,0,13,2,0,1,0,2,43,0
2,7,5,2,0,0,2,2,1,0,2,41,5
5,7,7,3,0,13,1,3,1,4,1,40,4
2,2,6,4,2,7,3,0,1,3,0,40,8
3,7,9,3,0,4,1,0,0,0,2,43,1
3,6,9,2,2,2,3,1,0,5,0,42,9
3,5,7,5,1,11,2,0,1,3,1,44,6
4,2,12,4,3,1,2,0,1,5,1,45,4
4,7,7,6,0,10,4,1,1,0,1,43,1
3,7,10,2,1,5,3,1,0,5,0,44,1
6,4,8,5,0,3,2,1,1,0,0,41,6
3,7,6,4,1,4,3,0,1,0,0,51,2
3,0,5,6,2,13,4,0,1,5,2,44,11
3,6,8,0,0,11,1,0,1,3,0,40,4
3,7,9,2,2,13,3,2,0,6,1,38,10
4,7,12,6,1,7,3,0,1,5,1,42,4
6,7,8,4,1,13,0,2,0,5,1,37,4
3,6,7,1,1,0,2,0,1,1,1,42,5
3,3,11,1,2,2,2,0,1,4,0,37,7
4,7,15,3,1,1,3,0,0,4,0,45,6
6,7,9,1,0,1,1,1,1,0,5,40,0
3,7,9,4,1,3,4,1,1,1,0,46,0
6,6,12,6,1,5,2,2,0,0,0,47,5
3,4,12,2,3,13,3,1,1,6,0,39,7
5,5,8,5,3,13,2,0,1,4,0,42,2
3,3,14,2,4,12,1,4,1,0,5,41,0
4,7,13,3,2,13,3,0,1,3,1,38,2
5,7,12,5,2,2,2,1,1,1,0,45,1
4,7,6,4,1,7,2,1,1,4,1,38,2
3,7,9,1,1,10,4,0,0,4,1,43,9
3,3,10,2,1,10,3,2,0,4,3,35,8
2,6,13,1,0,10,4,0,1,0,1,41,7
3,7,9,3,0,4,3,2,1,1,0,39,0
3,7,10,1,4,1,2,1,0,4,0,42,5
4,7,5,3,1,4,2,0,1,0,0,36,2
5,0,5,4,0,12,1,1,1,0,0,36,3
2,4,12,3,0,13,3,0,1,0,0,46,0
4,1,5,1,2,13,4,1,1,7,0,46,1
4,7,7,2,2,2,2,0,0,0,0,48,3
5,5,8,6,0,1,2,1,1,1,0,40,10
3,5,7,4,1,9,4,0,1,0,1,40,7
3,2,13,5,0,3,3,0,1,0,3,39,7
3,3,11,4,4,13,1,1,0,3,5,39,3
5,7,7,7,0,9,2,1,0,0,0,42,2
4,7,6,6,0,3,0,0,1,2,0,44,1
4,7,9,5,0,13,3,0,0,1,0,45,11
4,7,10,3,0,7,3,0,1,2,0,44,0
3,2,12,1,0,6,3,0,0,4,1,29,7
2,0,11,5,2,13,1,0,0,3,0,32,9
5,5,11,5,0,9,3,0,1,3,2,39,5
3,0,10,6,1,13,2,0,0,3,0,34,6
2,6,7,5,2,10,2,1,1,3,0,44,9
4,5,12,5,1,11,1,0,1,5,0,45,2
5,5,10,2,3,7,3,0,1,4,4,36,5
3,7,9,3,1,5,2,1,0,5,0,43,10
5,3,10,3,0,13,3,0,0,2,4,33,2
4,7,8,2,0,5,3,0,0,0,1,39,4
3,7,11,3,1,10,3,0,0,4,0,37,4
4,4,11,8,2,13,2,2,1,0,7,39,2
4,4,9,3,2,7,2,0,0,5,1,39,6
6,4,6,2,2,4,2,1,1,4,4,44,6
3,7,9,8,2,6,2,1,1,0,1,46,6
4,0,15,6,0,9,3,0,0,3,0,40,10
3,5,15,3,0,13,4,0,1,0,1,42,6
4,7,9,5,2,1,3,0,0,1,0,42,6
4,4,6,3,1,11,1,0,1,4,0,36,4
4,0,9,2,1,4,1,1,0,4,0,43,8
3,0,7,4,2,12,1,1,0,2,3,36,7
2,5,6,4,0,13,1,0,1,0,2,47,5
3,6,8,4,2,13,3,1,0,0,1,38,1
3,2,7,3,2,12,2,2,1,0,0,45,8
3,7,7,3,0,3,4,0,1,0,1,40,8
5,3,10,6,1,13,2,0,1,3,0,38,3
5,7,10,3,2,6,2,0,0,7,2,31,2
4,3,9,0,2,9,3,0,1,0,1,45,0
4,3,9,5,3,6,4,0,1,3,2,43,3
3,5,12,1,2,13,3,0,1,5,2,43,7
3,7,9,4,0,8,3,3,1,4,0,43,6
2,7,9,6,0,7,4,2,1,3,1,46,0
5,7,7,1,0,4,1,1,0,0,2,36,0
4,7,9,4,0,13,3,2,0,3,3,45,7
4,7,13,6,1,7,4,1,0,5,2,36,6
4,0,8,1,1,0,2,1,1,0,1,40,1
4,7,8,4,0,3,3,0,1,1,0,45,1
3,1,9,4,1,3,2,1,1,3,1,37,3
5,7,8,0,1,3,1,2,0,2,1,40,4
3,7,8,6,0,12,2,1,1,0,4,44,8
3,5,10,6,0,12,2,0,0,0,0,39,5
2,7,6,6,1,8,2,1,1,3,3,39,5
3,6,8,1,0,9,3,1,1,3,0,40,4
3,7,9,2,1,4,1,0,1,5,0,41,3
3,4,8,5,2,13,2,1,0,3,0,40,7
4,6,6,4,0,11,1,0,1,0,0,44,0
4,7,6,2,1,13,1,0,0,4,0,40,4
2,7,9,3,1,4,4,1,1,4,2,41,7
1,4,10,2,2,8,3,1,0,4,0,40,8
5,5,5,5,0,13,1,0,0,2,1,43,8
4,2,8,3,0,10,3,0,1,0,0,44,3
5,5,7,2,0,3,3,0,0,0,2,36,6
4,1,8,4,0,0,1,0,1,0,0,35,2
4,7,6,6,0,8,3,0,0,0,2,39,2
3,7,7,3,1,11,3,1,0,6,1,41,9
4,7,8,3,0,5,3,1,0,1,4,36,3
2,7,6,2,3,7,3,0,0,5,4,40,4
4,3,11,2,1,11,1,0,1,0,1,46,5
4,7,11,5,0,9,1,0,1,0,1,42,3
4,7,8,3,0,4,2,1,0,0,0,42,2
5,7,4,7,1,13,0,0,1,0,1,43,4
3,0,12,3,2,13,3,2,0,7,0,47,3
3,6,9,5,1,2,1,1,1,4,3,42,0
4,5,7,4,1,7,2,0,0,3,2,37,3
3,1,11,3,1,9,3,0,0,3,2,36,9
3,2,10,4,0,8,4,0,0,2,2,45,8
2,7,8,4,1,7,3,1,1,4,1,37,5
3,7,12,3,0,9,4,3,1,3,0,35,6
4,7,6,5,1,6,3,0,1,5,2,42,3
3,5,12,2,0,7,1,2,0,0,2,40,1
4,7,7,7,0,10,1,1,0,0,2,40,8
3,2,7,3,1,5,3,1,1,0,2,35,6
4,7,11,2,0,3,2,2,1,1,0,43,1
4,7,7,2,0,11,0,2,0,0,0,40,13
2,4,10,2,0,9,2,3,1,5,0,39,0
3,7,10,1,1,13,4,1,1,4,1,36,5
3,4,10,5,2,2,2,1,1,1,1,39,9
4,6,9,1,1,13,4,2,1,3,4,39,0
3,4,9,6,0,0,4,0,0,0,0,39,6
3,1,10,4,0,12,0,0,1,0,2,29,6
4,7,11,2,1,6,3,0,1,3,2,46,1
2,3,6,1,2,9,2,0,1,4,0,42,6
4,7,10,2,0,6,3,0,0,3,0,43,4
3,2,8,4,2,7,4,0,0,0,4,41,0
3,6,9,2,2,13,3,2,1,0,2,43,0
3,7,9,3,0,2,3,0,1,0,2,41,8
4,4,7,2,0,12,3,0,1,0,0,43,6
4,3,13,3,2,3,2,1,1,2,0,39,10
4,0,10,4,1,9,2,0,0,4,1,45,5
2,7,11,2,1,8,3,2,1,4,3,39,6
3,7,8,4,0,13,2,1,0,0,5,42,2
5,7,6,5,1,1,3,0,0,4,2,46,0
4,4,10,3,2,13,1,1,0,5,0,36,4
4,2,10,2,2,1,1,0,0,6,0,41,0
4,7,8,3,1,0,3,0,0,5,2,33,0
3,5,8,4,1,0,2,0,1,2,1,42,3
3,0,12,6,0,7,1,0,1,0,4,44,6
5,7,8,7,0,13,2,0,0,2,1,38,8
4,2,6,8,1,9,2,1,0,0,1,45,8
4,7,6,5,1,5,1,0,1,4,1,42,7
3,5,10,5,0,13,1,1,0,1,2,35,3
3,5,7,7,2,8,5,0,1,4,3,43,3
5,6,4,5,0,9,1,1,1,2,5,40,4
4,5,8,5,0,7,2,1,0,0,3,41,2
4,7,8,2,2,8,5,1,0,4,0,38,4
3,7,8,0,1,2,3,0,1,1,2,38,2
2,3,8,3,1,8,3,0,1,5,1,43,1
3,4,8,3,1,13,4,0,1,3,0,40,2
3,7,10,3,0,3,4,2,1,0,0,46,5
4,7,13,4,0,4,3,1,1,2,3,41,2
3,3,10,4,0,10,1,0,1,4,0,39,2
4,7,9,4,0,9,1,1,0,0,0,41,3
5,6,10,5,1,13,1,1,1,4,1,43,4
3,7,7,5,2,2,3,1,0,3,3,40,1
4,5,5,2,0,13,2,0,0,0,0,35,6
2,1,6,4,1,7,2,3,0,5,0,42,4
3,7,7,4,0,7,2,2,0,0,0,36,4
3,1,10,1,0,9,2,2,0,2,0,37,3
2,4,7,2,1,4,2,0,1,4,3,34,3
3,2,8,1,0,8,3,0,1,0,0,38,1
2,4,13,6,2,11,3,0,1,4,0,43,4
5,7,7,6,0,13,1,0,1,0,1,38,3
4,7,9,4,0,9,2,1,0,2,3,43,3
3,3,11,7,1,13,2,0,1,3,3,43,9
5,7,12,1,1,2,4,1,1,6,1,42,0
3,7,12,4,0,8,2,2,1,2,2,44,3
3,2,9,3,1,6,3,1,1,3,1,39,3
5,7,10,4,1,9,2,2,1,4,2,41,7
3,5,12,5,3,13,5,0,1,5,3,39,13
4,2,7,3,0,13,3,2,1,2,0,38,0
4,7,12,4,0,8,2,2,1,5,0,39,2
4,7,10,3,0,10,3,2,1,3,3,38,6
4,6,8,0,0,4,4,0,1,2,2,42,4
4,7,9,3,0,7,2,0,1,4,5,40,0
3,7,9,0,2,0,3,1,1,1,2,44,5
3,7,10,4,0,11,2,0,0,3,5,41,8
2,1,9,3,0,10,1,0,0,2,0,31,9
2,4,9,5,0,7,1,0,0,0,5,39,1
4,7,11,1,2,13,1,1,1,3,1,39,11
2,7,11,1,1,4,3,2,0,3,3,40,5
3,7,6,2,0,13,3,2,1,0,1,42,3
4,2,9,4,0,8,3,0,1,2,0,44,5
4,7,9,1,0,13,1,1,1,0,0,36,2
2,4,14,2,0,13,2,0,0,0,2,39,5
3,6,5,2,0,13,3,0,1,0,3,43,0
4,6,10,5,1,0,4,1,1,2,1,41,8
3,7,12,0,1,9,2,0,0,3,0,38,7
3,7,9,3,0,10,1,0,0,0,0,48,0
5,3,9,5,0,5,2,1,1,0,0,40,0
3,4,12,4,0,13,3,1,1,0,0,36,0
4,7,6,2,0,5,3,0,0,0,4,38,6
5,7,8,2,0,4,0,0,1,4,2,33,3
3,5,2,5,1,5,2,0,0,3,2,36,9
2,7,9,4,0,7,2,0,1,3,4,44,0
3,3,12,0,0,13,0,1,0,0,1,41,0
4,5,8,5,0,7,4,0,1,0,2,43,10
4,0,9,3,2,10,2,2,1,3,1,36,7
4,7,8,1,1,13,2,2,0,4,0,36,4
4,6,7,2,0,4,2,0,1,0,0,40,4
4,3,10,6,2,8,2,0,1,4,0,38,2
5,4,7,2,2,5,1,0,1,4,0,45,5
4,3,7,5,1,9,1,1,1,3,4,38,3
3,7,5,6,2,10,5,2,1,3,0,41,6
2,6,7,5,1,7,3,0,1,3,0,43,6
3,4,7,5,0,6,2,1,1,3,4,38,0
4,5,6,3,1,7,3,1,0,3,0,36,14
3,2,6,6,0,9,1,0,0,0,0,40,2
2,4,7,1,0,9,3,1,1,0,2,45,7
3,7,11,5,0,13,2,0,0,0,0,46,6
4,2,9,2,0,13,2,1,1,0,1,43,1
2,4,7,2,1,6,2,1,0,4,0,41,12
4,5,10,6,0,11,2,0,0,0,1,39,0
3,7,9,6,2,13,3,0,0,4,0,44,10
3,5,7,6,1,6,3,0,1,3,0,44,11
4,7,7,0,1,3,2,0,1,3,4,40,2
2,6,11,1,1,7,4,1,1,4,0,41,4
3,4,8,3,0,10,4,0,0,2,5,44,7
3,6,8,4,3,5,2,2,0,4,0,43,6
3,7,9,4,2,13,4,0,0,6,0,38,5
3,4,11,1,1,1,1,0,1,2,1,43,2
3,4,12,6,1,12,3,1,0,3,2,38,8
4,1,8,4,2,0,3,0,1,5,0,39,8
4,2,8,1,1,13,1,0,1,0,0,45,2
2,7,11,7,1,13,2,2,0,3,0,42,4
5,5,9,6,0,7,1,0,1,1,1,45,1
3,1,8,4,1,0,2,0,1,3,2,43,2
3,4,11,2,0,13,2,0,1,0,0,40,1
2,7,8,4,0,8,3,2,1,5,1,44,0
5,7,7,1,0,13,3,2,0,0,1,44,4
3,5,7,5,1,13,4,0,1,7,0,35,0
3,6,11,5,0,5,2,1,1,3,0,38,5
4,7,7,4,0,11,1,1,1,0,0,43,2
3,7,8,4,1,3,4,1,0,2,1,45,1
3,7,6,5,0,7,2,2,1,3,3,39,7
2,3,10,4,1,13,4,0,1,5,4,44,10
4,2,6,1,0,7,3,1,0,4,4,41,0
4,1,7,5,1,4,2,1,1,1,3,39,7
4,5,9,2,3,5,4,0,0,4,3,41,12
3,1,7,3,2,4,3,0,1,0,0,40,0
2,1,8,0,1,3,4,2,1,4,1,40,4
4,7,7,2,1,2,4,0,0,4,2,37,6
5,7,13,2,0,6,3,0,0,0,4,44,6
3,0,10,3,3,0,3,2,1,6,0,44,3
4,0,13,2,4,8,3,1,1,5,0,40,5
3,0,10,1,0,13,1,0,1,0,2,39,6
3,7,7,3,2,2,4,0,1,1,0,39,4
4,5,13,6,2,11,2,0,1,3,1,43,4
4,2,8,3,0,7,4,0,1,4,3,39,0
3,0,13,3,3,13,4,1,0,6,0,41,5
4,7,8,0,0,2,1,0,1,1,5,40,7
3,7,9,4,1,13,2,0,0,4,0,41,4
3,5,9,7,0,13,2,2,0,0,4,39,3
2,7,11,6,0,13,1,0,0,0,0,41,2
2,3,13,3,1,9,3,0,1,5,0,42,4
2,7,11,2,3,13,3,0,0,5,0,40,8
3,7,11,5,0,6,3,2,0,1,5,38,8
3,7,12,6,1,0,2,1,0,3,0,34,3
3,4,7,2,2,10,2,0,0,3,0,45,7
3,4,10,2,1,13,2,0,1,3,3,40,6
5,7,10,5,1,8,1,1,1,5,3,39,7
4,7,12,6,2,3,3,0,0,3,0,45,1
2,7,10,6,0,12,2,0,0,0,0,40,3
4,7,7,5,1,9,3,2,1,4,2,35,3
4,7,13,2,3,13,2,0,0,5,0,39,7
4,0,8,3,0,13,1,1,0,0,5,45,0
2,2,7,4,1,7,3,0,0,0,4,39,0
2,7,10,4,0,13,1,0,1,4,0,38,5
5,7,11,1,2,6,2,0,0,4,3,40,3
3,7,14,6,2,11,3,1,1,3,0,35,10
4,7,11,7,1,4,2,0,1,0,1,42,3
3,6,8,3,0,4,2,0,1,3,1,38,0
5,5,8,3,1,7,2,1,1,4,0,38,2
3,5,11,3,1,6,1,1,1,5,0,39,6
4,0,8,5,1,13,3,1,0,6,0,39,2
2,2,5,4,0,0,2,1,0,1,4,38,9
4,7,10,5,0,13,2,0,1,0,1,42,7
3,0,7,0,0,6,2,1,1,2,1,38,1
3,7,7,5,0,7,1,0,1,1,0,40,9
4,1,10,1,0,13,4,0,1,1,0,44,2
1,7,7,0,2,11,2,0,1,6,0,41,0
2,7,8,7,1,13,3,2,0,3,0,39,5
3,5,10,5,2,8,4,1,1,4,0,34,6
2,7,12,4,0,7,2,0,1,4,0,41,9
4,7,9,8,0,12,4,3,1,0,1,42,3
2,3,7,3,0,13,4,1,0,2,0,40,1
3,3,11,0,0,13,2,2,0,4,2,40,9
2,7,9,5,1,11,1,1,1,5,1,35,6
6,7,6,1,0,8,2,2,1,2,0,41,8
4,5,8,2,0,4,3,0,0,0,0,43,3
4,3,10,3,0,13,3,0,0,3,4,35,1
4,7,10,5,0,8,3,0,0,0,3,39,4
3,5,8,5,1,13,4,0,1,0,2,40,5
2,5,11,4,2,0,3,1,0,5,5,36,0
5,7,9,1,0,8,2,0,1,1,1,37,0
3,0,7,2,0,13,4,1,0,2,0,31,5
5,2,9,5,2,13,4,0,0,5,2,33,2
2,0,7,2,4,9,1,2,0,3,0,41,10
5,7,10,1,1,7,2,1,1,4,0,44,0
5,5,13,3,0,10,2,1,1,5,0,36,0
2,7,7,3,0,6,1,0,0,3,6,35,2
5,1,10,3,1,13,4,0,1,4,3,41,0
4,7,11,7,0,12,2,1,1,1,0,42,6
2,5,14,5,0,13,1,0,1,0,3,47,4
3,1,9,7,0,5,2,1,0,0,3,41,7
5,7,10,5,0,13,3,0,0,0,4,47,2
3,7,11,3,3,10,3,0,1,6,0,38,7
4,7,5,4,0,4,2,2,0,0,0,41,1
5,6,10,4,0,13,1,1,0,0,3,40,12
4,7,7,1,0,3,3,0,1,0,2,37,4
4,3,10,1,2,4,4,1,1,4,1,38,9
5,4,13,5,1,11,1,2,1,0,3,41,4
4,7,10,4,0,8,2,1,0,2,2,40,5
4,2,9,4,0,10,2,1,0,0,0,43,6
3,4,10,3,1,5,1,1,0,3,4,39,5
1,7,11,5,0,9,0,0,0,4,3,41,7
4,2,10,3,0,13,2,0,0,0,2,36,3
4,5,6,3,2,8,3,2,0,3,0,38,3
3,7,7,5,2,0,3,0,0,4,2,45,5
3,2,11,4,1,3,2,0,0,4,3,39,5
3,3,5,3,2,13,4,0,0,3,4,36,8
3,7,8,5,1,1,2,0,1,0,1,48,1
3,7,6,3,1,13,3,0,0,4,0,39,5
4,7,8,5,0,8,2,3,1,1,0,40,4
5,6,8,3,0,10,1,0,0,4,0,42,0
2,7,6,1,0,5,2,2,1,0,4,48,0
3,7,8,4,1,12,5,1,0,0,1,45,1
3,7,10,3,0,10,2,0,0,0,2,38,0
3,7,9,3,0,9,2,0,1,3,2,37,0
2,7,13,4,2,9,3,0,1,5,3,45,6
5,0,9,2,1,11,4,0,0,2,1,40,9
2,7,12,5,0,3,2,1,0,0,0,39,7
3,3,12,6,0,12,2,1,1,0,0,33,8
3,6,9,2,3,9,3,0,1,3,1,39,11
2,7,7,2,2,0,3,0,1,3,0,38,1
3,3,6,0,0,6,1,0,1,2,0,35,5
2,7,9,5,0,13,1,2,1,3,0,39,10
4,4,6,1,0,13,2,0,0,0,0,43,0
3,7,9,2,0,13,2,0,1,4,0,41,3
3,1,8,2,1,0,2,2,1,4,0,36,6
5,3,10,3,5,4,4,0,1,3,1,35,5
4,4,11,7,2,9,4,2,1,4,1,38,3
5,7,10,6,2,13,2,3,1,0,6,43,0
4,7,7,3,1,8,3,0,1,3,1,36,7
4,7,9,4,1,4,1,0,0,0,0,38,4
7,4,10,3,0,13,2,0,1,3,1,41,3
5,1,6,3,2,7,0,1,1,6,2,34,0
2,4,11,2,2,13,3,0,0,3,4,40,4
4,5,5,4,1,11,4,2,1,4,0,39,2
3,7,7,3,1,4,3,2,0,0,3,42,5
4,7,9,5,2,3,3,1,0,5,1,46,5
5,7,8,4,0,13,2,2,1,0,0,38,0
3,7,7,2,0,4,3,0,1,0,2,40,6
4,4,8,3,0,1,2,0,1,2,1,38,5
2,6,10,0,0,5,1,1,0,0,3,44,6
5,7,11,3,0,5,2,1,0,1,0,37,1
5,3,14,1,1,10,2,2,0,3,0,40,6
4,7,7,3,0,13,2,0,1,5,1,42,2
4,6,14,5,2,13,2,0,1,3,1,41,5
4,7,8,5,0,3,1,0,1,0,1,42,4
4,4,11,2,2,13,3,1,1,4,0,36,7
3,0,9,5,3,13,4,0,0,4,5,40,6
1,2,13,0,2,11,1,2,0,5,0,43,7
4,7,9,1,2,13,2,0,0,6,0,45,4
3,1,13,2,0,10,1,0,0,0,5,39,4
4,4,7,4,1,11,2,0,0,6,2,38,0
4,0,5,2,0,3,2,2,0,3,2,41,6
4,4,11,1,2,4,2,0,1,5,5,47,0
3,0,10,7,1,11,2,0,1,3,0,34,7
2,0,8,1,0,3,4,1,1,5,0,39,0
5,7,14,5,1,1,3,0,0,0,2,42,2
4,7,4,1,0,8,2,0,0,1,1,41,1
3,7,11,5,1,12,3,1,1,4,0,40,7
3,5,7,2,0,8,2,2,0,3,1,41,0
2,2,9,0,0,5,1,1,1,3,1,38,0
5,7,8,10,1,4,1,0,1,0,3,43,5
3,2,10,3,0,13,3,1,0,0,0,40,9
4,7,10,4,0,13,2,0,1,4,3,39,0
3,7,8,4,0,13,4,1,0,1,0,52,0
4,5,7,4,0,2,2,1,0,3,3,41,8
4,4,7,1,0,11,3,1,1,0,3,37,0
4,7,7,4,2,7,4,1,0,4,0,44,8
5,7,7,3,0,3,4,0,0,0,2,41,4
5,7,10,2,2,11,1,0,0,5,1,41,2
1,6,8,5,0,8,3,0,1,3,3,49,10
4,6,10,2,0,0,3,0,1,1,2,39,1
4,5,8,2,1,13,4,0,1,4,2,37,8
3,7,10,6,1,11,3,3,0,3,1,44,11
6,5,8,4,0,6,1,0,0,0,2,42,0
2,7,6,0,1,2,2,1,1,2,0,38,4
4,5,7,0,3,10,3,0,1,3,1,38,2
4,5,7,7,0,9,1,1,1,4,0,36,6
4,7,11,0,1,13,1,1,1,0,0,43,3
2,4,7,6,1,1,2,1,1,4,1,38,5
4,4,9,4,1,0,1,0,1,4,0,40,6
4,7,11,4,0,3,2,0,1,0,2,41,8
3,4,10,4,1,13,3,2,1,4,1,46,6
5,7,7,2,3,3,2,0,0,5,0,36,4
4,7,6,0,0,4,3,0,0,0,2,39,1
1,5,16,2,1,3,2,0,0,3,2,34,4
4,7,13,4,2,4,3,0,1,4,0,40,3
4,1,7,5,0,8,1,0,1,0,3,37,5
4,1,9,6,0,12,1,2,0,1,0,35,4
2,7,10,2,1,9,3,0,0,5,0,43,3
3,7,9,3,0,13,2,2,0,0,1,40,0
5,2,8,2,0,13,0,2,1,0,0,36,3
1,7,7,5,0,13,3,1,0,4,2,40,14
4,3,8,4,0,1,3,0,1,0,1,45,1
3,7,8,0,1,6,3,1,0,4,0,37,4
5,7,14,3,1,0,2,0,1,4,0,40,7
5,0,12,4,2,13,5,0,0,4,4,40,12
3,6,12,1,0,3,3,0,1,1,1,42,0
4,7,2,3,0,8,0,0,0,2,2,44,10
3,7,8,4,0,13,1,0,0,0,1,42,3
4,7,10,7,2,12,1,0,1,3,1,37,7
4,0,9,3,2,13,5,0,1,3,0,44,7
3,4,9,5,0,0,2,0,0,0,1,37,0
6,7,12,4,0,6,0,0,0,0,0,31,4
4,4,11,2,0,13,2,0,0,2,0,37,3
4,5,6,4,0,7,3,0,1,0,0,37,9
4,7,9,1,2,11,3,0,0,6,0,39,5
3,7,12,4,0,7,2,0,0,1,4,36,3
4,7,8,5,2,11,1,0,1,4,2,37,4
3,7,9,6,1,13,3,3,1,3,0,37,8
4,7,5,2,1,9,2,0,1,5,1,35,0
3,7,4,5,2,8,4,1,1,5,6,44,3
3,7,8,5,1,10,3,1,1,5,0,42,4
4,7,8,4,0,0,1,0,0,4,2,38,1
2,7,7,3,0,6,2,0,0,3,3,40,4
3,7,9,6,2,13,2,0,1,3,0,36,3
2,4,12,5,2,4,3,1,1,4,1,39,2
6,0,10,2,2,7,3,1,1,5,0,44,2
3,5,9,6,1,2,3,0,1,3,1,43,3
3,7,8,4,0,7,2,1,1,0,0,42,0
4,7,11,2,1,13,3,0,1,3,0,41,10
5,7,11,6,0,8,2,1,0,0,0,38,4
5,6,7,5,0,7,1,1,0,0,3,43,3
4,5,10,6,0,9,1,2,1,0,4,37,9
3,7,7,6,0,9,1,3,0,1,0,46,1
2,7,8,1,1,13,4,0,1,4,0,41,7
5,4,9,2,1,9,3,1,0,5,0,36,2
3,7,10,5,0,11,4,1,0,2,2,41,11
5,7,7,4,4,12,4,1,1,4,5,40,6
4,7,8,4,1,2,3,0,1,5,0,43,0
1,7,11,5,0,13,4,2,1,4,2,47,4
4,5,7,4,0,4,2,0,0,1,0,43,1
2,4,14,2,0,9,3,1,1,0,0,39,7
3,7,9,7,2,13,3,0,1,4,0,44,5
2,6,6,5,0,8,2,1,0,0,0,48,12
5,7,8,0,0,12,1,0,1,2,0,38,4
4,4,9,4,2,13,3,0,0,4,1,37,2
5,7,7,8,1,13,2,0,1,4,2,41,3
5,5,7,4,0,13,2,0,0,0,0,38,7
3,0,11,6,0,9,3,4,1,3,1,37,5
3,0,6,3,1,7,3,1,1,6,2,42,3
4,7,6,2,0,13,3,0,1,0,0,42,1
4,7,8,5,0,12,2,0,1,0,1,44,5
3,1,6,6,0,13,2,0,0,2,1,37,5
3,7,14,6,1,13,3,1,1,4,1,44,3
3,2,9,4,2,8,3,0,0,4,1,41,3
5,2,7,5,0,3,1,3,0,0,0,37,6
5,7,7,4,2,13,5,0,1,5,1,38,4
4,7,8,3,3,0,2,0,1,6,1,39,0
2,5,6,5,0,13,2,0,1,4,5,36,7
2,4,11,5,0,13,2,1,1,5,4,46,0
4,7,10,6,1,7,2,0,0,4,4,49,0
3,6,9,4,1,13,2,0,1,6,1,41,3
3,3,12,1,0,8,2,0,1,0,0,44,3
2,7,8,5,0,12,2,0,0,1,0,45,4
6,7,10,1,1,0,1,1,0,3,0,36,1
3,7,10,3,0,6,3,1,1,3,5,34,4
4,7,9,3,0,13,3,0,0,5,0,33,0
5,7,9,4,0,8,2,0,1,0,0,43,2
4,7,10,5,0,5,1,0,1,2,0,43,2
2,7,10,3,1,10,4,1,1,5,1,42,5
3,1,10,2,0,8,2,0,1,3,4,42,5
2,6,10,2,0,10,3,1,0,0,1,40,1
5,7,10,1,1,13,4,0,1,4,1,41,2
4,7,13,7,1,9,3,2,0,3,2,44,9
3,6,9,5,0,11,3,1,0,1,1,40,0
5,7,4,4,0,10,2,0,0,1,1,42,0
3,6,9,3,0,5,0,0,0,1,0,38,7
3,7,9,5,0,4,2,0,0,0,0,41,4
3,5,7,3,0,12,2,0,0,0,0,37,0
4,0,8,1,0,11,1,1,1,0,6,43,6
4,7,10,5,1,13,4,1,1,7,2,36,0
3,0,16,5,0,9,1,2,1,5,4,40,0
6,7,10,4,0,10,2,0,0,3,0,40,9
3,3,4,3,3,13,2,2,1,0,3,42,1
6,3,11,7,0,12,1,1,0,0,3,43,4
6,7,4,4,0,7,1,2,0,0,0,46,3
2,2,5,3,2,13,2,1,1,5,0,43,2
4,7,10,6,0,9,2,1,0,3,4,38,5
3,0,7,1,2,8,2,1,0,4,0,41,10
3,7,11,5,0,6,3,1,0,0,0,49,3
6,5,11,3,1,8,4,0,0,4,2,38,4
3,7,8,6,0,7,5,0,1,4,0,38,6
2,7,10,0,0,3,4,2,1,0,0,44,6
4,7,7,2,0,2,2,1,0,3,0,47,3
3,1,6,1,1,6,3,0,0,3,0,38,11
4,5,10,4,2,13,4,1,0,4,2,39,7
6,7,6,5,0,5,0,0,1,0,2,35,4
3,7,11,5,0,12,2,0,1,2,3,45,6
5,7,8,2,1,3,1,2,1,0,5,36,7
5,7,6,0,0,11,3,1,0,0,0,39,6
4,0,12,1,2,4,3,1,1,0,1,38,8
5,7,10,3,2,5,3,2,0,3,5,41,8
4,7,11,4,1,4,1,0,1,4,0,38,6
5,0,9,4,0,9,4,2,0,3,0,36,0
5,7,11,8,0,6,1,3,0,3,6,39,0
4,2,11,4,0,7,1,0,1,0,0,38,4
4,6,12,4,1,11,2,0,1,5,0,46,7
2,1,9,2,2,13,1,1,1,3,2,46,7
2,7,7,4,0,5,3,1,0,2,1,41,0
3,3,9,5,4,13,3,0,1,0,0,44,1
1,7,6,3,2,9,2,0,1,4,2,45,6
6,7,8,6,1,8,4,1,0,4,6,43,9
4,7,12,5,2,13,2,3,1,4,1,40,3
3,0,9,5,0,13,4,0,0,3,0,36,3
4,1,5,0,0,8,5,0,1,3,0,46,0
4,5,8,3,0,10,3,1,0,4,2,46,0
2,7,12,5,0,10,3,0,0,2,0,41,2
3,7,10,6,1,13,3,1,1,3,0,45,9
2,7,11,7,0,7,1,0,1,3,2,41,6
3,7,11,0,0,3,3,0,1,2,0,37,9
5,7,8,2,0,6,2,0,1,0,0,45,1
3,7,10,1,0,11,3,0,1,3,0,41,1
3,7,7,4,0,8,3,0,1,4,3,41,4
3,7,4,3,2,12,4,0,0,6,3,33,0
4,7,2,0,2,4,2,0,1,5,3,48,5
2,7,8,2,2,4,2,1,0,2,0,37,2
3,7,10,3,0,9,2,1,0,4,2,44,8
4,0,9,3,1,10,2,1,1,3,0,39,9
3,7,8,0,1,1,2,0,1,4,1,43,7
3,7,10,5,1,11,1,0,0,4,2,42,4
2,2,8,3,0,13,2,0,0,0,3,38,3
3,7,9,2,3,13,3,0,0,6,0,44,5
3,7,9,0,0,5,2,1,0,2,1,45,6
3,4,7,1,0,8,2,0,1,4,2,43,7
3,6,11,4,0,9,3,0,1,2,3,46,2
3,6,9,5,1,7,1,0,1,3,2,38,4
6,0,8,1,0,13,2,2,0,0,2,36,5
1,6,16,2,0,9,2,2,1,2,3,43,4
3,7,9,2,1,13,2,0,0,5,2,39,3
4,7,10,2,1,7,2,1,0,3,2,42,2
5,3,8,3,0,6,3,0,1,2,1,41,0
2,7,10,5,0,13,4,2,0,2,0,45,0
3,7,6,2,0,13,2,1,1,0,0,35,4
4,5,7,3,0,5,1,0,0,0,0,45,9
3,4,11,6,1,0,3,0,0,0,0,43,0
5,3,6,4,0,12,2,1,1,3,0,42,0
4,7,7,7,0,1,1,2,0,0,2,44,7
3,0,7,0,2,11,4,1,1,6,1,39,5
4,7,6,4,0,13,1,0,0,0,0,43,0
3,7,5,5,0,8,2,1,1,3,0,37,4
2,6,9,2,0,3,1,1,0,1,2,43,2
6,7,8,5,3,6,2,1,0,4,0,35,8
1,6,11,6,1,4,2,1,0,3,0,39,2
3,5,11,5,0,10,2,0,1,0,0,41,4
1,7,11,8,0,8,1,1,0,5,0,35,0
4,0,5,2,0,6,2,2,0,4,3,41,0
4,5,10,6,3,13,3,0,0,0,5,43,0
5,7,8,6,1,13,2,1,1,4,1,43,6
4,2,9,2,0,7,5,0,1,5,3,41,0
3,7,9,4,0,4,2,1,1,0,2,45,8
4,5,11,6,0,11,1,1,0,0,2,35,4
3,6,10,1,0,11,1,0,1,3,3,37,4
5,6,9,8,1,13,5,2,1,3,0,40,2
3,3,4,1,3,11,1,2,1,3,4,38,4
4,0,9,4,0,4,2,1,1,0,2,36,10
7,5,10,5,0,0,2,0,1,4,0,39,0
2,3,8,4,0,11,2,0,0,2,0,40,6
3,7,6,3,2,13,1,0,1,0,0,43,0
4,7,8,4,1,6,2,0,1,4,0,36,3
6,7,11,7,0,11,3,1,1,0,3,49,1
5,3,9,2,2,2,3,1,1,4,2,40,2
2,7,10,5,0,5,1,1,1,3,0,36,4
3,7,11,5,0,13,3,1,0,1,2,43,5
3,3,9,8,0,7,3,1,0,0,1,37,5
4,7,9,4,1,6,2,1,1,4,4,42,0
3,7,9,3,0,12,3,0,0,0,1,47,1
5,3,10,1,0,3,3,0,0,0,4,46,8
2,7,9,3,0,13,2,0,0,4,1,36,7
1,2,8,5,1,12,3,0,0,3,2,36,4
4,7,8,3,0,13,3,0,1,0,1,41,0
2,4,12,2,2,6,4,0,1,4,5,43,11
3,4,9,4,2,13,2,0,1,0,2,42,0
4,7,11,7,0,12,5,0,1,0,2,42,0
3,7,9,4,2,13,4,0,1,5,1,42,6
4,7,8,4,0,8,2,3,1,0,3,44,5
4,7,11,2,0,13,3,1,0,3,3,46,4
3,3,12,4,2,3,3,1,1,5,2,42,0
2,7,8,5,0,11,4,0,0,3,4,41,3
4,7,5,7,1,4,2,2,0,0,4,41,6
6,7,8,9,1,13,2,1,0,0,0,40,11
3,7,6,3,1,13,4,0,1,4,0,41,7
3,7,9,2,0,10,3,0,0,0,2,40,0
4,3,6,2,0,13,1,0,1,0,2,37,0
1,2,11,3,0,13,4,0,0,3,0,37,11
4,7,9,0,1,1,1,1,0,2,0,40,0
3,4,8,1,0,13,3,2,1,0,3,45,5
3,7,9,4,2,8,3,1,0,5,6,34,7
4,3,11,4,0,11,2,0,1,3,2,46,1
2,5,8,2,0,6,3,0,1,3,5,40,1
1,1,8,5,3,0,3,0,1,4,0,41,5
5,7,13,4,3,13,2,0,0,4,0,40,7
1,6,7,0,0,5,0,0,1,0,2,38,0
4,7,10,2,1,8,1,0,0,3,0,40,6
4,6,3,6,1,1,3,1,1,2,1,43,0
5,7,10,4,2,3,4,1,1,2,0,37,7
4,4,8,4,0,13,1,1,1,4,1,44,2
4,7,10,2,0,7,1,0,1,3,0,38,6
3,6,10,4,2,9,2,3,1,3,2,44,3
3,2,10,3,1,13,1,0,1,4,1,41,6
3,0,7,3,2,13,3,0,0,0,4,38,8
3,7,10,0,1,3,2,0,0,0,0,45,6
4,1,8,7,1,9,5,1,1,3,0,38,1
4,5,7,3,0,13,2,0,1,0,1,44,3
3,4,13,2,1,11,1,0,0,3,2,46,4
4,7,10,5,1,11,4,1,0,4,0,37,3
4,0,9,3,1,9,2,0,1,3,0,40,3
2,7,11,6,1,4,3,1,0,5,5,44,0
5,7,5,4,0,10,2,0,1,0,1,40,0
3,4,9,6,0,3,2,0,1,1,0,40,3
1,7,8,3,2,6,4,0,1,4,0,42,2
2,7,8,4,1,8,3,0,1,5,1,45,4
3,6,9,2,0,10,2,0,0,0,3,41,0
3,3,10,4,1,1,2,0,1,4,1,43,0
4,0,12,7,1,6,3,2,1,3,0,42,9
4,2,8,4,0,3,2,2,1,3,0,40,1
3,6,11,2,1,5,4,1,0,4,1,42,7
3,7,7,3,2,2,4,2,1,4,1,50,6
4,1,14,5,0,13,2,2,0,0,3,40,3
4,7,7,5,0,10,3,2,0,0,1,44,4
4,0,13,0,1,4,2,0,1,0,0,39,0
3,4,3,2,1,13,3,0,0,0,0,36,0
5,7,10,3,0,13,3,0,0,0,1,46,0
1,7,10,3,1,3,3,0,1,5,1,35,0
3,4,5,1,1,2,2,0,1,0,0,46,10
3,3,11,6,0,7,4,0,0,2,2,37,8
5,2,8,1,0,0,3,0,0,0,3,41,0
3,7,12,2,0,8,1,0,0,1,0,44,0
5,6,12,2,1,13,1,0,1,0,0,45,6
5,7,10,2,1,13,4,2,1,4,0,38,4
3,6,6,5,0,10,2,1,0,1,0,39,3
2,7,10,3,2,13,2,0,1,5,0,44,12
1,7,6,6,2,1,3,1,1,4,0,36,9
3,4,11,4,0,13,2,2,0,0,1,37,0
3,5,12,5,0,5,1,0,0,0,0,39,9
4,6,8,4,1,11,4,0,1,6,0,45,3
2,5,13,2,0,5,2,1,1,1,7,40,8
4,7,13,0,0,5,5,1,1,3,3,41,2
4,5,7,3,0,13,3,1,0,0,0,44,8
2,7,11,6,1,1,3,1,0,2,0,49,3
2,7,7,5,0,13,2,0,0,0,2,45,4
3,3,15,4,0,0,2,1,0,0,0,40,4
5,7,9,5,0,11,3,0,0,1,3,44,2
3,7,9,5,2,10,3,2,0,6,0,43,0
3,4,11,3,3,6,4,1,1,0,1,43,4
5,7,6,3,1,6,2,2,0,5,1,40,5
3,5,10,4,0,5,1,0,0,0,2,40,7
4,7,15,4,2,9,2,1,1,3,0,42,7
3,1,12,8,1,12,3,0,1,3,1,37,7
3,0,12,1,0,0,4,0,1,0,1,37,7
5,7,10,2,3,2,3,0,0,4,2,41,5
3,3,10,5,2,5,3,1,0,0,2,37,13
2,4,8,4,1,0,2,0,1,2,2,43,6
2,0,10,2,0,9,0,1,1,4,0,43,3
2,0,9,5,0,7,1,1,1,3,2,39,3
2,7,8,4,0,7,4,0,0,4,0,43,8
3,7,11,6,0,13,4,1,0,0,3,45,4
2,3,9,5,1,1,2,0,0,1,0,39,5
5,7,7,5,0,12,2,0,1,5,3,43,2
2,7,7,0,1,3,2,0,0,0,2,44,6
3,7,9,4,0,12,1,1,0,0,3,38,4
2,7,11,6,0,9,2,1,1,0,0,47,0
3,0,11,6,0,13,3,1,1,3,1,40,4
4,7,8,1,0,9,2,1,0,3,0,44,14
3,7,7,2,1,2,2,2,1,1,1,37,6
5,6,7,3,0,7,2,0,1,0,0,40,7
3,1,9,0,2,13,1,0,1,5,3,42,5
3,0,9,1,1,6,3,0,0,5,0,42,3
4,5,7,3,2,7,1,0,1,5,3,41,0
3,7,8,2,0,7,2,1,0,0,0,39,1
3,6,7,5,2,4,4,0,1,4,1,36,2
3,7,12,2,1,4,3,1,1,5,2,41,4
1,3,14,4,0,10,1,0,1,5,6,38,0
2,5,7,5,0,11,5,0,0,0,1,45,9
4,7,9,1,1,5,3,1,0,3,4,40,5
6,7,9,3,1,13,4,1,1,4,0,41,1
4,7,13,3,0,13,1,0,1,3,0,36,2
5,6,10,5,3,9,4,2,1,3,0,39,5
4,2,10,3,0,6,2,1,1,2,3,40,3
2,7,12,5,0,13,3,1,1,0,2,45,0
4,6,11,3,2,0,2,1,1,2,0,35,4
4,3,7,2,0,13,2,1,1,0,1,39,2
3,7,8,4,2,8,4,0,1,6,0,51,0
4,6,7,7,2,11,2,1,0,3,0,45,3
3,7,9,4,0,9,2,1,1,4,0,40,10
1,4,9,0,3,9,4,0,1,6,5,35,7
5,4,10,2,0,1,1,0,1,0,0,36,0
2,6,9,2,1,12,2,0,1,5,4,37,4
3,0,4,7,0,3,2,0,1,0,1,47,2
5,2,9,5,1,13,2,0,0,1,1,42,1
3,7,12,3,2,4,2,0,1,4,0,45,5
4,7,10,5,1,9,4,0,1,6,0,40,5
3,6,10,1,0,13,2,0,0,0,1,40,0
4,3,8,4,3,9,3,1,0,6,0,37,6
2,0,8,4,0,4,4,0,1,3,0,39,7
2,0,11,3,1,11,0,0,1,6,1,43,5
4,7,9,3,0,13,2,1,0,0,2,43,4
4,4,9,5,3,12,3,2,1,4,0,35,3
4,2,7,5,0,9,2,1,0,4,0,40,0
3,0,8,5,1,7,2,1,1,3,0,39,3
2,7,6,7,0,0,1,0,1,0,4,41,3
4,7,9,2,2,7,2,0,1,6,1,43,8
4,7,6,5,1,5,3,0,0,5,2,44,6
3,3,9,4,0,4,3,0,0,2,2,39,3
5,3,9,4,0,12,0,0,0,0,0,50,1
3,7,6,4,0,11,5,0,0,3,1,41,4
3,4,6,5,0,5,2,0,1,2,2,42,2
7,6,7,4,0,13,0,2,1,3,1,39,2
5,5,11,4,0,11,2,0,1,3,3,41,6
2,4,5,7,0,13,1,1,1,0,2,38,7
3,3,8,5,0,10,1,0,1,0,0,38,5
3,7,9,7,0,13,2,0,1,3,0,40,0
2,7,8,4,1,11,1,0,1,4,0,42,6
5,7,8,2,0,8,1,0,0,3,0,38,2
3,7,10,2,0,6,3,0,1,1,1,41,0
4,7,8,1,0,7,3,0,1,2,0,41,8
3,1,11,5,2,13,3,1,1,2,3,38,4
4,7,10,5,1,5,3,0,1,4,2,44,0
4,6,9,5,0,11,3,1,0,0,2,39,6
2,4,9,0,0,8,1,0,0,0,0,42,10
7,7,6,3,1,10,2,0,0,5,2,39,5
3,4,7,1,1,13,1,0,1,0,0,46,0
3,6,11,7,0,7,3,2,1,0,0,33,3
5,6,8,5,0,13,2,1,0,0,1,44,3
5,3,11,4,0,0,2,0,1,0,4,33,6
3,5,7,8,1,12,0,0,0,0,0,40,1
3,1,4,5,3,13,4,1,1,5,0,44,8
5,7,11,5,0,4,2,1,1,2,5,42,5
5,0,9,2,0,13,2,0,0,0,1,43,7
3,7,9,5,0,9,2,0,0,4,0,41,6
2,0,10,2,1,12,2,0,1,1,1,38,9
5,7,6,2,0,11,3,0,1,0,0,39,0
2,7,5,4,0,13,1,1,1,4,0,39,2
3,3,11,1,1,13,4,0,0,4,0,39,6
2,7,12,1,0,13,3,1,1,3,1,38,5
3,7,6,4,1,7,2,2,0,4,3,42,2
5,7,7,7,2,0,2,3,0,0,3,44,0
4,6,7,5,1,8,2,1,1,4,1,37,3
4,7,9,5,1,13,1,2,1,3,2,47,7
5,7,9,3,0,11,1,2,1,3,2,40,6
3,7,9,8,1,8,2,1,1,3,1,43,9
1,3,11,5,1,8,2,1,0,4,1,40,4
2,5,6,3,0,13,3,1,0,0,5,46,0
2,7,7,1,0,8,4,0,0,3,0,38,2
4,7,7,5,1,7,2,2,1,3,0,41,2
4,6,13,5,0,9,2,0,1,2,2,44,2
3,7,8,5,1,13,1,0,1,5,0,41,6
3,5,10,2,1,3,4,1,0,3,1,47,3
4,7,9,3,1,5,4,1,0,4,0,45,1
2,5,6,5,0,13,2,0,1,5,0,40,0
5,3,8,4,0,6,1,3,0,1,0,38,0
4,4,10,5,0,13,2,0,1,4,5,47,3
2,7,5,2,0,12,2,2,1,5,0,40,4
4,7,7,5,0,13,2,0,0,1,0,42,5
4,0,11,3,1,13,3,3,1,1,1,41,7
6,7,5,4,0,4,2,0,0,0,1,42,0
5,7,8,5,1,12,1,1,1,4,0,45,2
3,7,8,5,0,11,2,0,1,4,0,39,0
4,7,11,4,0,9,3,0,0,2,2,41,3
3,7,11,3,0,13,3,0,1,3,0,38,3
4,7,11,4,1,6,1,1,0,4,0,39,5
3,0,8,3,2,13,1,0,1,7,0,40,4
3,7,11,5,0,13,2,0,0,3,2,43,7
3,7,12,4,0,4,5,1,1,4,0,33,1
4,0,7,3,0,8,1,1,1,0,2,41,7
4,3,13,4,0,10,2,1,1,3,0,42,0
2,5,4,6,1,1,4,0,1,1,0,40,6
3,7,10,5,0,13,3,0,0,0,1,45,0
5,0,14,4,2,9,1,0,1,7,3,36,1
6,2,9,2,0,6,1,1,1,0,0,47,0
2,7,10,2,1,4,5,3,1,3,0,39,2
3,4,5,2,1,13,3,0,0,0,0,38,6
5,3,10,3,2,10,3,1,1,3,0,42,12
3,4,10,5,3,3,3,3,1,3,2,39,7
2,7,9,3,0,1,4,1,0,1,0,44,4
4,3,9,3,3,13,3,1,1,4,3,40,2
3,7,5,4,1,11,4,3,1,0,0,50,3
3,7,9,9,1,8,2,0,1,0,0,49,2
4,0,12,2,2,13,2,0,0,3,3,42,6
4,7,12,3,0,12,2,0,0,4,2,44,0
2,7,9,2,0,4,1,2,1,4,2,43,11
6,1,9,6,0,6,0,1,1,3,2,48,9
4,7,10,5,2,13,2,0,1,5,0,40,7
2,5,10,5,0,13,2,2,0,0,2,42,9
3,7,14,1,1,13,2,1,1,3,0,41,0
3,7,8,6,2,1,4,0,1,2,2,40,2
3,0,13,3,3,8,1,1,1,4,3,46,9
2,7,9,3,2,6,3,0,1,3,0,43,2
4,6,5,2,0,7,2,0,1,4,0,41,7
3,7,8,5,1,13,3,1,0,6,0,35,0
1,1,11,2,1,10,2,0,0,4,0,41,7
4,7,8,4,0,10,2,2,1,4,2,38,0
